conference_name,acronym,category,sub_category,start_date,end_date,city,country,format,overview,call_for_papers,cfp_deadline,fees_and_pricing,program_agenda,keynote_speakers,technical_committee,sponsors,venue,accommodation,organizer,website_or_source,record_status,data_quality_notes
2026 10th International Conference on Communications and Future Internet,ICCFI 2026,Technology,Communications & Future Internet,2026-10-19,2026-10-21,Paris,France,In-person,International conference focused on communications & future internet.,Call for papers / abstract submissions published.,2026-06-10,Not yet announced as of 10 Sep 2026,Not yet announced as of 10 Sep 2026,Not yet announced as of 10 Sep 2026,Not yet announced as of 10 Sep 2026,Not yet announced as of 10 Sep 2026,"Paris, France",Not yet announced as of 10 Sep 2026,Not yet announced as of 10 Sep 2026,https://www.iconf.com/conference?tags=Communication+Engineering,DISCOVERY VERIFIED,"Actual conference name/date/location/deadline taken from the cited published source. Unpublished fields are explicitly marked, not redirected."
2027 10th International Conference on Computers in Management and Business,ICCMB 2027,Business & Technology,Computers in Management & Business,2027-02-18,2027-02-20,Basel,Switzerland,In-person,International conference focused on computers in management & business.,Call for papers / abstract submissions published.,2026-09-30,Not yet announced as of 10 Sep 2026,Not yet announced as of 10 Sep 2026,Not yet announced as of 10 Sep 2026,Not yet announced as of 10 Sep 2026,Sponsored by SAISE and University of Applied Sciences and Arts Northwestern Switzerland; assisted by Hosei University and University of Macau.,"University of Applied Sciences and Arts Northwestern Switzerland, Basel",Not yet announced as of 10 Sep 2026,SAISE / FHNW / ICCMB Organizing Committee,https://www.iconf.com/conference/ICCMB2027_9677,DISCOVERY VERIFIED,"Actual conference name/date/location/deadline taken from the cited published source. Unpublished fields are explicitly marked, not redirected."
2027 10th International Conference on Electrical Engineering and Green Energy,CEEGE 2027,Energy & Engineering,Electrical / Green Energy,2027-05-07,2027-05-09,Suzhou,China,In-person,Academic conference on electrical engineering and green-energy technologies.,Not yet announced as of 10 Sep 2026,,Not yet announced as of 10 Sep 2026,Technical paper sessions and research presentations.,Not yet announced as of 10 Sep 2026,Not yet announced as of 10 Sep 2026,Not yet announced as of 10 Sep 2026,"Suzhou, China",Not yet announced as of 10 Sep 2026,Conference organizers,https://www.iconf.com/,Discovery index,Date/city from iConf; details require official-page enrichment.
"2027 10th International Conference on Energy, Electrical and Power Engineering",CEEPE 2027,Energy & Engineering,Power Engineering,2027-04-16,2027-04-18,Tianjin,China,In-person,"Academic conference on energy, electrical systems and power engineering.",Not yet announced as of 10 Sep 2026,,Not yet announced as of 10 Sep 2026,Technical paper sessions.,Not yet announced as of 10 Sep 2026,Not yet announced as of 10 Sep 2026,Not yet announced as of 10 Sep 2026,"Tianjin, China",Not yet announced as of 10 Sep 2026,Conference organizers,https://www.iconf.com/,Discovery index,Date/city from iConf.
"10th International Conference on Fracture of Polymers, Composites and Adhesives",ESIS 2027,Science & Engineering,"Polymers, Composites & Adhesives",2027-09-19,2027-09-23,Les Diablerets,Switzerland,In-person,"International conference focused on polymers, composites & adhesives.",Not yet announced as of 10 Sep 2026,,Not yet announced as of 10 Sep 2026,Not yet announced as of 10 Sep 2026,Not yet announced as of 10 Sep 2026,Not yet announced as of 10 Sep 2026,Not yet announced as of 10 Sep 2026,"Glacier Hotel, Les Diablerets, Switzerland",Not yet announced as of 10 Sep 2026,Elsevier conference portfolio,https://www.elsevier.com/events/conferences/all,DISCOVERY VERIFIED,"Actual conference name/date/location/deadline taken from the cited published source. Unpublished fields are explicitly marked, not redirected."
2026 10th International Conference on Intelligent Computing and Virtual & Augmented Reality Simulations,ICVARS 2026,Technology,VR/AR & Intelligent Computing,2026-07-15,2026-07-17,Chalon-sur-Saône,France,In-person,International conference focused on vr/ar & intelligent computing.,Call for papers / abstract submissions published.,2026-03-01,Not yet announced as of 10 Sep 2026,Not yet announced as of 10 Sep 2026,Not yet announced as of 10 Sep 2026,Not yet announced as of 10 Sep 2026,Not yet announced as of 10 Sep 2026,"Chalon-sur-Saône, France",Not yet announced as of 10 Sep 2026,Not yet announced as of 10 Sep 2026,https://www.iconf.com/conference?tags=Computer+Science+and+Technologies,DISCOVERY VERIFIED,"Actual conference name/date/location/deadline taken from the cited published source. Unpublished fields are explicitly marked, not redirected."
2027 10th International Conference on Machine Learning and Machine Intelligence,MLMI 2027,Technology,Machine Learning,2027-07-16,2027-07-19,Tokyo,Japan,In-person,Academic conference on machine learning and machine intelligence.,Not yet announced as of 10 Sep 2026,,Not yet announced as of 10 Sep 2026,"Technical papers, presentations and related sessions.",Not yet announced as of 10 Sep 2026,Not yet announced as of 10 Sep 2026,Not yet announced as of 10 Sep 2026,"Tokyo, Japan",Not yet announced as of 10 Sep 2026,Conference organizers,https://www.iconf.com/,Discovery index,Date/city from iConf.
10th International Conference on Robotics and Artificial Intelligence,ISTPRAI 2027,Technology & Engineering,Robotics & Artificial Intelligence,2027-03-24,2027-03-25,Paris,France,In-person,International conference focused on robotics & artificial intelligence.,Call for papers / abstract submissions published.,2026-12-31,Not yet announced as of 10 Sep 2026,Not yet announced as of 10 Sep 2026,Not yet announced as of 10 Sep 2026,Not yet announced as of 10 Sep 2026,Not yet announced as of 10 Sep 2026,"Paris, France",Not yet announced as of 10 Sep 2026,Not yet announced as of 10 Sep 2026,https://www.iconf.com/conference/10thInternationalConferenceonRoboticsandArtificialIntelligence_9587,DISCOVERY VERIFIED,"Actual conference name/date/location/deadline taken from the cited published source. Unpublished fields are explicitly marked, not redirected."
11th International Conference on Advanced Thin Films and Coatings,ATFC 2027,Science & Engineering,Materials / Coatings,2027-01-08,2027-01-10,Sanya,China,In-person,International conference on advanced thin films and coatings.,"Submission deadline listed Dec 23, 2026.",2026-12-23,Not yet announced as of 10 Sep 2026,Scientific paper sessions.,Not yet announced as of 10 Sep 2026,Not yet announced as of 10 Sep 2026,Not yet announced as of 10 Sep 2026,"Sanya, China",Not yet announced as of 10 Sep 2026,Academic Communications / organizers,https://conferencesked.com/conferences/conferences-2027,Discovery verified,Date/deadline from index.
2027 11th International Conference on Biomedical Engineering and Applications,ICBEA 2027,Health & Engineering,Biomedical Engineering,2027-03-26,2027-03-29,Xi'an,China,In-person,International conference focused on biomedical engineering.,Call for papers / abstract submissions published.,2026-10-20,Not yet announced as of 10 Sep 2026,Not yet announced as of 10 Sep 2026,Not yet announced as of 10 Sep 2026,Not yet announced as of 10 Sep 2026,"Sponsored by Xi'an Jiaotong University; supported by Zhejiang University, Kyushu Institute of Technology, Seoul National University, Meiji University, Shanxi Medical University, College of Life Sciences of Zhejiang University, Zhejiang Bioinformatics Society, Beijing Institute of Technology, and Biology and Bioinformatics Society.","Xi'an, China",Not yet announced as of 10 Sep 2026,Xi'an Jiaotong University / ICBEA Organizing Committee,https://www.iconf.com/conference/ICBEA2027_9592,DISCOVERY VERIFIED,"Actual conference name/date/location/deadline taken from the cited published source. Unpublished fields are explicitly marked, not redirected."
2027 11th International Conference on Civil Engineering,ICOCE 2027,Engineering,Civil Engineering,2027-04-07,2027-04-10,Singapore,Singapore,In-person,International conference focused on civil engineering.,Call for papers / abstract submissions published.,2026-11-20,Not yet announced as of 10 Sep 2026,Not yet announced as of 10 Sep 2026,Not yet announced as of 10 Sep 2026,Not yet announced as of 10 Sep 2026,"Co-sponsored by Geotechnical Society of Singapore, National Taiwan University and Michigan State University.","Singapore, Singapore",Not yet announced as of 10 Sep 2026,ICOCE Organizing Committee,https://www.iconf.com/conference/ICOCE2027_9778,DISCOVERY VERIFIED,"Actual conference name/date/location/deadline taken from the cited published source. Unpublished fields are explicitly marked, not redirected."
2027 11th International Conference on Education and Distance Learning,ICEDL 2027,Education,Distance Learning,2027-07-01,2027-07-03,Paris,France,In-person,International academic conference on education and distance learning.,Not yet announced as of 10 Sep 2026,,Not yet announced as of 10 Sep 2026,Research presentations and education sessions.,Not yet announced as of 10 Sep 2026,Not yet announced as of 10 Sep 2026,Not yet announced as of 10 Sep 2026,"Paris, France",Not yet announced as of 10 Sep 2026,Conference organizers,https://www.iconf.com/,Discovery index,Date/city from iConf.
2027 11th International Conference on Energy Economics and Energy Policy,ICEEEP 2027,Energy & Economics,Energy Economics & Policy,2027-04-09,2027-04-11,Porto,Portugal,In-person,International conference focused on energy economics & policy.,Call for papers / abstract submissions published.,2026-11-10,Not yet announced as of 10 Sep 2026,Not yet announced as of 10 Sep 2026,Not yet announced as of 10 Sep 2026,Not yet announced as of 10 Sep 2026,Not yet announced as of 10 Sep 2026,"Porto, Portugal",Not yet announced as of 10 Sep 2026,Not yet announced as of 10 Sep 2026,https://www.iconf.com/conference?tags=Energy+and+Resources,DISCOVERY VERIFIED,"Actual conference name/date/location/deadline taken from the cited published source. Unpublished fields are explicitly marked, not redirected."
2027 11th International Conference on Intelligent Computing and Virtual & Augmented Reality Simulations,ICVAR 2027,Technology,VR / AR / Intelligent Computing,2027-06-23,2027-06-25,Wiesbaden,Germany,In-person,"Academic conference on intelligent computing, VR and AR simulations.",Not yet announced as of 10 Sep 2026,,Not yet announced as of 10 Sep 2026,Technical paper sessions and demonstrations.,Not yet announced as of 10 Sep 2026,Not yet announced as of 10 Sep 2026,Not yet announced as of 10 Sep 2026,"Wiesbaden, Germany",Not yet announced as of 10 Sep 2026,Conference organizers,https://www.iconf.com/,Discovery index,Date/city from iConf.
2027 11th International Conference on Manufacturing Technologies,ICMT 2027,Engineering,Manufacturing Technologies,2027-01-20,2027-01-23,Kuala Lumpur,Malaysia,In-person,International conference focused on manufacturing technologies.,Call for papers / abstract submissions published.,2026-08-30,Not yet announced as of 10 Sep 2026,Not yet announced as of 10 Sep 2026,Not yet announced as of 10 Sep 2026,Not yet announced as of 10 Sep 2026,Not yet announced as of 10 Sep 2026,"Kuala Lumpur, Malaysia",Not yet announced as of 10 Sep 2026,Not yet announced as of 10 Sep 2026,https://www.iconf.com/conference?tags=Mechanical+Engineering,DISCOVERY VERIFIED,"Actual conference name/date/location/deadline taken from the cited published source. Unpublished fields are explicitly marked, not redirected."
2027 11th International Conference on Materials Engineering and Nano Sciences,ICMENS 2027,Science & Engineering,Materials Engineering & Nanoscience,2027-03-28,2027-03-31,Osaka,Japan,In-person,International conference focused on materials engineering & nanoscience.,Call for papers / abstract submissions published.,2026-11-10,Not yet announced as of 10 Sep 2026,Not yet announced as of 10 Sep 2026,Not yet announced as of 10 Sep 2026,Advisory: Osamu Tabata; Arcady Zhukov. Conference Chair: Akihiko Fujiwara. Program Chairs: Liang Li; Takashige Omatsu. Program Co-Chair: Yang He.,Not yet announced as of 10 Sep 2026,"Osaka, Japan",Not yet announced as of 10 Sep 2026,ICMENS Organizing Committee,https://www.iconf.com/conference/ICMENS2027_9523,DISCOVERY VERIFIED,"Actual conference name/date/location/deadline taken from the cited published source. Unpublished fields are explicitly marked, not redirected."
2026 11th International Conference on Power Electronics Systems and Applications,PESA 2026,Energy & Engineering,Power Electronics,2026-11-13,2026-11-15,Singapore,Singapore,In-person,International conference focused on power electronics.,Call for papers / abstract submissions published.,2026-10-05,Not yet announced as of 10 Sep 2026,Not yet announced as of 10 Sep 2026,Not yet announced as of 10 Sep 2026,Not yet announced as of 10 Sep 2026,Not yet announced as of 10 Sep 2026,"Singapore, Singapore",Not yet announced as of 10 Sep 2026,Not yet announced as of 10 Sep 2026,https://www.iconf.com/conference?tags=Energy+and+Resources,DISCOVERY VERIFIED,"Actual conference name/date/location/deadline taken from the cited published source. Unpublished fields are explicitly marked, not redirected."
"2027 11th International Conference on Robotics, Control and Automation",ICRCA 2027,Technology & Engineering,"Robotics, Control & Automation",2027-03-26,2027-03-28,Aizuwakamatsu,Japan,In-person,"International conference focused on robotics, control & automation.",Not yet announced as of 10 Sep 2026,,Not yet announced as of 10 Sep 2026,"26 Mar: registration/material collection; 27 Mar: opening, keynote speeches and parallel sessions; 28 Mar: invited speeches and parallel sessions.",Not yet announced as of 10 Sep 2026,Not yet announced as of 10 Sep 2026,Not yet announced as of 10 Sep 2026,"University of Aizu, Aizuwakamatsu City, Fukushima 965-8580, Japan",Not yet announced as of 10 Sep 2026,Not yet announced as of 10 Sep 2026,https://www.iconf.com/conference/ICRCA2027_9530,DISCOVERY VERIFIED,"Actual conference name/date/location/deadline taken from the cited published source. Unpublished fields are explicitly marked, not redirected."
12th IAFOR International Conference on Education in Hawaii,IICE2027,Education,Education Research,2027-01-07,,Honolulu,United States,Hybrid,IAFOR international education conference in partnership with University of Hawai'i at Mānoa.,"Call for Papers; early-bird submission deadline Jul 16, 2026.",2026-07-16,Not yet announced as of 10 Sep 2026,"Research presentations, plenaries, panels and networking.",Not yet announced as of 10 Sep 2026,IAFOR conference/program committee.,Partners/sponsors on official event page.,"Honolulu, Hawaii",Not yet announced as of 10 Sep 2026,The International Academic Forum (IAFOR),https://www.conferencesked.com/conferences/conferences-2027,Discovery verified,Date/CFP information from index.
2027 12th International Conference on Advances on Clean Energy Research,ICACER 2027,Energy & Sustainability,Clean Energy Research,2027-04-09,2027-04-11,Porto,Portugal,In-person,International conference focused on clean energy research.,Call for papers / abstract submissions published.,2026-11-10,Not yet announced as of 10 Sep 2026,Not yet announced as of 10 Sep 2026,Not yet announced as of 10 Sep 2026,Not yet announced as of 10 Sep 2026,Not yet announced as of 10 Sep 2026,"Porto, Portugal",Not yet announced as of 10 Sep 2026,Not yet announced as of 10 Sep 2026,https://www.iconf.com/conference?tags=Energy+and+Resources,DISCOVERY VERIFIED,"Actual conference name/date/location/deadline taken from the cited published source. Unpublished fields are explicitly marked, not redirected."
2026 12th International Conference on Communication and Information Processing,ICCIP 2026,Technology,Communication & Information Processing,2026-11-13,2026-11-16,Lingshui,China,In-person,International conference focused on communication & information processing.,Call for papers / abstract submissions published.,2026-06-25,Not yet announced as of 10 Sep 2026,Not yet announced as of 10 Sep 2026,Not yet announced as of 10 Sep 2026,Not yet announced as of 10 Sep 2026,Not yet announced as of 10 Sep 2026,"Lingshui, China",Not yet announced as of 10 Sep 2026,Not yet announced as of 10 Sep 2026,https://www.iconf.com/conference?tags=artificial+intelligence,DISCOVERY VERIFIED,"Actual conference name/date/location/deadline taken from the cited published source. Unpublished fields are explicitly marked, not redirected."
2026 12th International Conference on Computer Technology Applications,ICCTA 2026,Technology,Computer Technology Applications,2026-06-17,2026-06-19,Vienna,Austria,In-person,International conference focused on computer technology applications.,Call for papers / abstract submissions published.,2026-02-05,Not yet announced as of 10 Sep 2026,Not yet announced as of 10 Sep 2026,Not yet announced as of 10 Sep 2026,Not yet announced as of 10 Sep 2026,Not yet announced as of 10 Sep 2026,"Vienna, Austria",Not yet announced as of 10 Sep 2026,Not yet announced as of 10 Sep 2026,https://www.iconf.com/conference?tags=Computer+Science+and+Technologies,DISCOVERY VERIFIED,"Actual conference name/date/location/deadline taken from the cited published source. Unpublished fields are explicitly marked, not redirected."
2027 12th International Conference on Control and Robotics Engineering,ICCRE 2027,Technology & Engineering,Control & Robotics Engineering,2027-05-07,2027-05-09,Hong Kong,China,In-person,International conference focused on control & robotics engineering.,Call for papers / abstract submissions published.,2026-12-20,Not yet announced as of 10 Sep 2026,Not yet announced as of 10 Sep 2026,Not yet announced as of 10 Sep 2026,International Advisory: Shugen Ma; Tong Heng Lee. Conference Chairs: Makoto Iwasaki; Xingjian Jing. Program Chairs: Juntao Fei; Qing Shi; Weiwei Wan. Program Co-Chairs: Ryosuke Tasaki; Juha Plosila; Xiaoguang Gao.,"Co-sponsored by City University of Hong Kong, Hohai University and IEEE Robotics and Automation Society.","Hong Kong Productivity Council (HKPC), Hong Kong",Not yet announced as of 10 Sep 2026,Not yet announced as of 10 Sep 2026,https://www.iconf.com/conference/ICCRE2027_9830,DISCOVERY VERIFIED,"Actual conference name/date/location/deadline taken from the cited published source. Unpublished fields are explicitly marked, not redirected."
2026 12th International Conference on Mechanical and Electronics Engineering,ICMEE 2026,Engineering,Mechanical & Electronics Engineering,2026-12-29,2026-12-31,Guangzhou,China,In-person,International conference focused on mechanical & electronics engineering.,Call for papers / abstract submissions published.,2026-06-30,Not yet announced as of 10 Sep 2026,Not yet announced as of 10 Sep 2026,Not yet announced as of 10 Sep 2026,Not yet announced as of 10 Sep 2026,Not yet announced as of 10 Sep 2026,"Guangzhou, China",Not yet announced as of 10 Sep 2026,Not yet announced as of 10 Sep 2026,https://www.iconf.com/conference?tags=Mechanical+Engineering,DISCOVERY VERIFIED,"Actual conference name/date/location/deadline taken from the cited published source. Unpublished fields are explicitly marked, not redirected."
2026 12th International Conference on Mechanical Engineering and Aerospace Engineering,MEAE 2026,Engineering,Mechanical & Aerospace Engineering,2026-11-27,2026-11-29,Xi'an,China,In-person,International conference focused on mechanical & aerospace engineering.,Call for papers / abstract submissions published.,2026-07-10,Not yet announced as of 10 Sep 2026,Not yet announced as of 10 Sep 2026,Not yet announced as of 10 Sep 2026,Not yet announced as of 10 Sep 2026,Not yet announced as of 10 Sep 2026,"Xi'an, China",Not yet announced as of 10 Sep 2026,Not yet announced as of 10 Sep 2026,https://www.iconf.com/conference?tags=Mechanical+Engineering,DISCOVERY VERIFIED,"Actual conference name/date/location/deadline taken from the cited published source. Unpublished fields are explicitly marked, not redirected."
2027 12th International Conference on Sustainable and Renewable Energy Engineering,ICSREE 2027,Energy & Sustainability,Renewable Energy,2027-05-25,2027-05-28,Madrid,Spain,In-person,International academic conference on sustainable and renewable energy engineering.,Not yet announced as of 10 Sep 2026,,Not yet announced as of 10 Sep 2026,"Technical sessions, papers and research presentations.",Not yet announced as of 10 Sep 2026,Not yet announced as of 10 Sep 2026,Not yet announced as of 10 Sep 2026,"Madrid, Spain",Not yet announced as of 10 Sep 2026,Conference organizers,https://www.iconf.com/,Discovery index,Date/city from iConf.
2027 13th International Conference on Computer Technology Applications,ICCTA 2027,Technology,Computer Technology Applications,2027-06-02,2027-06-04,Vienna,Austria,In-person,International conference focused on computer technology applications.,Call for papers / abstract submissions published.,2027-01-05,Not yet announced as of 10 Sep 2026,Not yet announced as of 10 Sep 2026,Not yet announced as of 10 Sep 2026,Not yet announced as of 10 Sep 2026,Not yet announced as of 10 Sep 2026,"Vienna, Austria",Not yet announced as of 10 Sep 2026,Not yet announced as of 10 Sep 2026,https://www.iconf.com/conference?confDateEnd=&confDateStart=&confName=&contient=&country=&tags=information+science,DISCOVERY VERIFIED,"Actual conference name/date/location/deadline taken from the cited published source. Unpublished fields are explicitly marked, not redirected."
2027 13th International Conference on Computing and Data Engineering,ICCDE 2027,Technology,Computing & Data Engineering,2027-02-17,2027-02-19,Phuket,Thailand,In-person,International conference focused on computing & data engineering.,Call for papers / abstract submissions published.,2026-09-25,Not yet announced as of 10 Sep 2026,Not yet announced as of 10 Sep 2026,Not yet announced as of 10 Sep 2026,Not yet announced as of 10 Sep 2026,Not yet announced as of 10 Sep 2026,"Phuket, Thailand",Not yet announced as of 10 Sep 2026,Not yet announced as of 10 Sep 2026,https://www.iconf.com/news/1175,DISCOVERY VERIFIED,"Actual conference name/date/location/deadline taken from the cited published source. Unpublished fields are explicitly marked, not redirected."
"2027 13th International Conference on Control, Automation and Robotics",ICCAR 2027,Technology & Engineering,"Control, Automation & Robotics",2027-04-23,2027-04-25,Nanchang,China,In-person,"International conference focused on control, automation & robotics.",Call for papers / abstract submissions published.,2026-12-25,Not yet announced as of 10 Sep 2026,Not yet announced as of 10 Sep 2026,Not yet announced as of 10 Sep 2026,Not yet announced as of 10 Sep 2026,"Sponsored by East China Jiaotong University; supported by Nagoya Institute of Technology, Osaka Metropolitan University, Dalian Maritime University, Laurentian University and Sungkyunkwan University.","Nanchang, China",Not yet announced as of 10 Sep 2026,East China Jiaotong University / ICCAR Organizing Committee,https://www.iconf.com/conference/ICCAR2027_9688,DISCOVERY VERIFIED,"Actual conference name/date/location/deadline taken from the cited published source. Unpublished fields are explicitly marked, not redirected."
"2027 13th International Conference on e-Society, e-Learning and e-Technologies",ICESLT 2027,Education & Technology,e-Learning,2027-06-16,2027-06-18,Rome,Italy,In-person,"Academic conference on e-society, e-learning and e-technologies.",Not yet announced as of 10 Sep 2026,,Not yet announced as of 10 Sep 2026,Paper sessions and research presentations.,Not yet announced as of 10 Sep 2026,Not yet announced as of 10 Sep 2026,Not yet announced as of 10 Sep 2026,"Rome, Italy",Not yet announced as of 10 Sep 2026,Conference organizers,https://www.iconf.com/,Discovery index,Date/city from iConf.
2027 13th International Conference on Education and Training Technologies,ICETT 2027,Education,Education & Training Technologies,2027-05-21,2027-05-23,Seoul,South Korea,In-person,International conference focused on education & training technologies.,Call for papers / abstract submissions published.,2026-12-25,Not yet announced as of 10 Sep 2026,Not yet announced as of 10 Sep 2026,Not yet announced as of 10 Sep 2026,Not yet announced as of 10 Sep 2026,Not yet announced as of 10 Sep 2026,"Seoul, South Korea",Not yet announced as of 10 Sep 2026,Not yet announced as of 10 Sep 2026,https://www.iconf.com/conference?confDateEnd=&confDateStart=&confName=&contient=&country=&tags=Education,DISCOVERY VERIFIED,"Actual conference name/date/location/deadline taken from the cited published source. Unpublished fields are explicitly marked, not redirected."
"2026 13th International Conference on Mechanical, Automotive and Materials Engineering",CMAME 2026,Engineering,"Mechanical, Automotive & Materials",2026-12-18,2026-12-20,Singapore,Singapore,In-person,"International conference focused on mechanical, automotive & materials.",Call for papers / abstract submissions published.,2026-08-01,Not yet announced as of 10 Sep 2026,Not yet announced as of 10 Sep 2026,Not yet announced as of 10 Sep 2026,Not yet announced as of 10 Sep 2026,Not yet announced as of 10 Sep 2026,"Singapore, Singapore",Not yet announced as of 10 Sep 2026,Not yet announced as of 10 Sep 2026,https://www.iconf.com/conference?tags=Mechanical+Engineering,DISCOVERY VERIFIED,"Actual conference name/date/location/deadline taken from the cited published source. Unpublished fields are explicitly marked, not redirected."
2027 13th International Conference on Mechatronics and Robotics Engineering,ICMRE 2027,Technology & Engineering,Mechatronics & Robotics,2027-03-03,2027-03-05,Grimstad,Norway,In-person,International conference focused on mechatronics & robotics.,Call for papers / abstract submissions published.,2026-09-25,Not yet announced as of 10 Sep 2026,"3 Mar: arrival/material collection; 4 Mar: opening, keynote speeches and oral paper presentations; 5 Mar: oral and poster presentations.",Not yet announced as of 10 Sep 2026,Conference Chairs: Jing Zhou; Andreas Rauh. Co-Chairs: Ian Walker; Belkacem Ould Bouamama. Program Chairs: Johannes Reuter; Huosheng Hu; Johann Reger; Andras Horvath; Wei Meng; Zhongbin Wang. Student Program Chairs: Jiangping Hu; Wenfeng Hu; Tan Zhang.,"Sponsored by University of Agder, Norway.","University of Agder, Grimstad, Norway",Not yet announced as of 10 Sep 2026,University of Agder / ICMRE,https://www.iconf.com/conference/ICMRE2027_9535,DISCOVERY VERIFIED,"Actual conference name/date/location/deadline taken from the cited published source. Unpublished fields are explicitly marked, not redirected."
2027 13th International Conference on Renewable Energy Technologies,ICRET 2027,Energy & Resources,Renewable Energy,2027-04-28,2027-04-30,Osaka,Japan,In-person,International conference focused on renewable energy.,Call for papers / abstract submissions published.,2026-11-01,Not yet announced as of 10 Sep 2026,Not yet announced as of 10 Sep 2026,Not yet announced as of 10 Sep 2026,Not yet announced as of 10 Sep 2026,Not yet announced as of 10 Sep 2026,"Osaka, Japan",Not yet announced as of 10 Sep 2026,Not yet announced as of 10 Sep 2026,https://www.iconf.com/conference?tags=Energy+and+Resources,DISCOVERY VERIFIED,"Actual conference name/date/location/deadline taken from the cited published source. Unpublished fields are explicitly marked, not redirected."
2026 13th International Conference on Soft Computing & Machine Intelligence,ISCMI 2026,Technology,Soft Computing & Machine Intelligence,2026-11-18,2026-11-20,Vienna,Austria,In-person,International conference focused on soft computing & machine intelligence.,Call for papers / abstract submissions published.,2026-06-10,Not yet announced as of 10 Sep 2026,Not yet announced as of 10 Sep 2026,Not yet announced as of 10 Sep 2026,Not yet announced as of 10 Sep 2026,Not yet announced as of 10 Sep 2026,"Vienna, Austria",Not yet announced as of 10 Sep 2026,Not yet announced as of 10 Sep 2026,https://www.iconf.com/conference?tags=artificial+intelligence,DISCOVERY VERIFIED,"Actual conference name/date/location/deadline taken from the cited published source. Unpublished fields are explicitly marked, not redirected."
14th Global Conference & Expo on Materials Science and Engineering,ISTPMSE 2027,Science & Engineering,Materials Science & Engineering,2027-03-24,2027-03-25,Paris,France,In-person,International conference focused on materials science & engineering.,Call for papers / abstract submissions published.,2026-12-31,Not yet announced as of 10 Sep 2026,Not yet announced as of 10 Sep 2026,Not yet announced as of 10 Sep 2026,Not yet announced as of 10 Sep 2026,Not yet announced as of 10 Sep 2026,"Paris, France",Not yet announced as of 10 Sep 2026,Not yet announced as of 10 Sep 2026,https://www.iconf.com/conference/14thGlobalConference%26ExpoonMaterialsScienceandEngineering_9585,DISCOVERY VERIFIED,"Actual conference name/date/location/deadline taken from the cited published source. Unpublished fields are explicitly marked, not redirected."
14th International Conference on Advanced Nanomaterials and Emerging Applications,ANEA 2027,Science & Engineering,Nanomaterials,2027-01-08,2027-01-10,Sanya,China,In-person,International conference on advanced nanomaterials and emerging applications.,Not yet announced as of 10 Sep 2026,,Not yet announced as of 10 Sep 2026,Scientific paper sessions.,Not yet announced as of 10 Sep 2026,Not yet announced as of 10 Sep 2026,Not yet announced as of 10 Sep 2026,"Sanya, China",Not yet announced as of 10 Sep 2026,Academic Communications / organizers,https://conferencesked.com/conferences/conferences-2027,Discovery verified,Conference listed in Jan 2027 index; enrich from official site.
2026 14th International Conference on Computer and Communications Management,ICCCM 2026,Technology,Computer & Communications Management,2026-07-24,2026-07-26,Tokyo,Japan,In-person,International conference focused on computer & communications management.,Call for papers / abstract submissions published.,2026-02-15,Not yet announced as of 10 Sep 2026,Not yet announced as of 10 Sep 2026,Not yet announced as of 10 Sep 2026,Not yet announced as of 10 Sep 2026,Not yet announced as of 10 Sep 2026,"Tokyo, Japan",Not yet announced as of 10 Sep 2026,Not yet announced as of 10 Sep 2026,https://www.iconf.com/conference?tags=Communication+Engineering,DISCOVERY VERIFIED,"Actual conference name/date/location/deadline taken from the cited published source. Unpublished fields are explicitly marked, not redirected."
2027 14th International Conference on Electrical and Electronics Engineering,ICEEE 2027,Engineering,Electrical & Electronics Engineering,2027-04-16,2027-04-18,Ankara,Türkiye,In-person,"International conference on power systems, automation, electronics, signal processing, communications, renewable energy, smart grids and smart buildings.",Call for papers / abstract submissions published.,2026-12-01,Not yet announced as of 10 Sep 2026,Not yet announced as of 10 Sep 2026,Not yet announced as of 10 Sep 2026,Not yet announced as of 10 Sep 2026,Not yet announced as of 10 Sep 2026,"Ankara, Türkiye",Not yet announced as of 10 Sep 2026,Not yet announced as of 10 Sep 2026,https://www.iconf.com/conference/ICEEE2027_9727,DISCOVERY VERIFIED,"Actual conference name/date/location/deadline taken from the cited published source. Unpublished fields are explicitly marked, not redirected."
2027 14th International Conference on Management and Education Innovation,ICMEI 2027,Education & Management,Management & Education Innovation,2027-06-09,2027-06-11,London,United Kingdom,In-person,International conference focused on management & education innovation.,Call for papers / abstract submissions published.,2027-01-20,Not yet announced as of 10 Sep 2026,Not yet announced as of 10 Sep 2026,Not yet announced as of 10 Sep 2026,Not yet announced as of 10 Sep 2026,Not yet announced as of 10 Sep 2026,"London, United Kingdom",Not yet announced as of 10 Sep 2026,Not yet announced as of 10 Sep 2026,https://www.iconf.com/conference?confDateEnd=&confDateStart=&confName=&contient=&country=&tags=Education,DISCOVERY VERIFIED,"Actual conference name/date/location/deadline taken from the cited published source. Unpublished fields are explicitly marked, not redirected."
"2027 14th International Conference on Mechanics, Materials and Manufacturing",ICMMM 2027,Engineering,Mechanical / Materials / Manufacturing,2027-06-14,2027-06-16,Sydney,Australia,In-person,"International academic conference on mechanics, materials and manufacturing.",Not yet announced as of 10 Sep 2026,,Not yet announced as of 10 Sep 2026,Technical papers and research presentations.,Not yet announced as of 10 Sep 2026,Not yet announced as of 10 Sep 2026,Not yet announced as of 10 Sep 2026,"Sydney, Australia",Not yet announced as of 10 Sep 2026,Conference organizers,https://www.iconf.com/,Discovery index,Date/city from iConf.
2027 15th Asia Conference on Mechanical and Materials Engineering,ACMME 2027,Engineering,Mechanical / Materials,2027-06-21,2027-06-25,Jeju Island,South Korea,In-person,Asia-focused conference on mechanical and materials engineering.,Not yet announced as of 10 Sep 2026,,Not yet announced as of 10 Sep 2026,Technical research sessions.,Not yet announced as of 10 Sep 2026,Not yet announced as of 10 Sep 2026,Not yet announced as of 10 Sep 2026,"Jeju Island, South Korea",Not yet announced as of 10 Sep 2026,Conference organizers,https://www.iconf.com/,Discovery index,Date/city from iConf.
2027 15th International Conference on Computer and Communications Management,ICCCM 2027,Technology,Computing / Communications,2027-07-09,2027-07-11,Tokyo,Japan,In-person,Academic conference on computer and communications management.,Not yet announced as of 10 Sep 2026,,Not yet announced as of 10 Sep 2026,Technical paper sessions.,Not yet announced as of 10 Sep 2026,Not yet announced as of 10 Sep 2026,Not yet announced as of 10 Sep 2026,"Tokyo, Japan",Not yet announced as of 10 Sep 2026,Conference organizers,https://www.iconf.com/,Discovery index,Date/city from iConf.
2027 15th International Conference on Nano and Materials Science,ICNMS 2027,Science & Engineering,Nano & Materials Science,2027-01-20,2027-01-23,Kuala Lumpur,Malaysia,In-person,International materials conference with onsite and virtual participation; accepted work is directed to Scientific.Net collection journals indexed by Scopus.,Call for papers / abstract submissions published.,2026-10-10,Not yet announced as of 10 Sep 2026,Not yet announced as of 10 Sep 2026,Not yet announced as of 10 Sep 2026,Not yet announced as of 10 Sep 2026,Not yet announced as of 10 Sep 2026,"Kuala Lumpur, Malaysia",Not yet announced as of 10 Sep 2026,SAISE / conference organizers,https://www.iconf.com/conference/ICNMS2027_9318,DISCOVERY VERIFIED,"Actual conference name/date/location/deadline taken from the cited published source. Unpublished fields are explicitly marked, not redirected."
15th NIZO Dairy Conference: Innovations in Milk Proteins,NIZO 2027,Food & Agriculture,Dairy & Milk Proteins,2027-10-12,2027-10-15,Papendal,Netherlands,In-person,International conference focused on dairy & milk proteins.,Not yet announced as of 10 Sep 2026,,Not yet announced as of 10 Sep 2026,Not yet announced as of 10 Sep 2026,Not yet announced as of 10 Sep 2026,Not yet announced as of 10 Sep 2026,Not yet announced as of 10 Sep 2026,"Papendal Hotel and Congress Centre, Netherlands",Not yet announced as of 10 Sep 2026,NIZO / Elsevier,https://www.elsevier.com/events/conferences/all,DISCOVERY VERIFIED,"Actual conference name/date/location/deadline taken from the cited published source. Unpublished fields are explicitly marked, not redirected."
2026 16th International Conference on Information and Multimedia Technology,ICIMT 2026,Technology,Information & Multimedia Technology,2026-11-06,2026-11-08,Shenzhen,China,In-person,International conference focused on information & multimedia technology.,Call for papers / abstract submissions published.,2026-05-20,Not yet announced as of 10 Sep 2026,Not yet announced as of 10 Sep 2026,Not yet announced as of 10 Sep 2026,Not yet announced as of 10 Sep 2026,Not yet announced as of 10 Sep 2026,"Shenzhen, China",Not yet announced as of 10 Sep 2026,Not yet announced as of 10 Sep 2026,https://www.iconf.com/conference?tags=Computer+Science+and+Technologies,DISCOVERY VERIFIED,"Actual conference name/date/location/deadline taken from the cited published source. Unpublished fields are explicitly marked, not redirected."
2027 16th International Conference on Software and Computer Applications,ICSCA 2027,Technology,Software & Computer Applications,2027-01-22,2027-01-24,Putrajaya,Malaysia,In-person,International conference focused on software & computer applications.,Call for papers / abstract submissions published.,2026-09-10,Not yet announced as of 10 Sep 2026,Not yet announced as of 10 Sep 2026,Not yet announced as of 10 Sep 2026,Not yet announced as of 10 Sep 2026,Not yet announced as of 10 Sep 2026,"Putrajaya, Malaysia",Not yet announced as of 10 Sep 2026,Not yet announced as of 10 Sep 2026,https://www.iconf.com/news/1175,DISCOVERY VERIFIED,"Actual conference name/date/location/deadline taken from the cited published source. Unpublished fields are explicitly marked, not redirected."
2026 17th Asia Conference on Mechanical and Aerospace Engineering,ACMAE 2026,Engineering,Mechanical & Aerospace Engineering,2026-12-02,2026-12-04,Phuket,Thailand,In-person,International conference focused on mechanical & aerospace engineering.,Call for papers / abstract submissions published.,2026-07-15,Not yet announced as of 10 Sep 2026,Not yet announced as of 10 Sep 2026,Not yet announced as of 10 Sep 2026,Not yet announced as of 10 Sep 2026,Not yet announced as of 10 Sep 2026,"Phuket, Thailand",Not yet announced as of 10 Sep 2026,Not yet announced as of 10 Sep 2026,https://www.iconf.com/conference?tags=Mechanical+Engineering,DISCOVERY VERIFIED,"Actual conference name/date/location/deadline taken from the cited published source. Unpublished fields are explicitly marked, not redirected."
2027 17th International Conference on Advanced Materials Research,ICAMR 2027,Science & Engineering,Advanced Materials Research,2027-01-23,2027-01-25,Phuket,Thailand,In-person,International conference focused on advanced materials research.,Call for papers / abstract submissions published.,2026-09-05,Not yet announced as of 10 Sep 2026,Not yet announced as of 10 Sep 2026,Not yet announced as of 10 Sep 2026,Not yet announced as of 10 Sep 2026,Not yet announced as of 10 Sep 2026,"Phuket, Thailand",Not yet announced as of 10 Sep 2026,Not yet announced as of 10 Sep 2026,https://www.iconf.com/news/1195,DISCOVERY VERIFIED,"Actual conference name/date/location/deadline taken from the cited published source. Unpublished fields are explicitly marked, not redirected."
2027 17th International Conference on Biomedical Engineering and Technology,ICBET 2027,Health & Engineering,Biomedical Engineering,2027-08-20,2027-08-23,Tokyo,Japan,In-person,International conference on biomedical engineering and technology.,Not yet announced as of 10 Sep 2026,,Not yet announced as of 10 Sep 2026,Technical and biomedical research sessions.,Not yet announced as of 10 Sep 2026,Not yet announced as of 10 Sep 2026,Not yet announced as of 10 Sep 2026,"Tokyo, Japan",Not yet announced as of 10 Sep 2026,Conference organizers,https://www.iconf.com/,Discovery index,Date/city from iConf.
2026 18th International Conference on Communication Software and Networks,ICCSN 2026,Technology,Communication Software & Networks,2026-07-24,2026-07-26,Shenzhen,China,In-person,International conference focused on communication software & networks.,Call for papers / abstract submissions published.,2026-02-28,Not yet announced as of 10 Sep 2026,Not yet announced as of 10 Sep 2026,Not yet announced as of 10 Sep 2026,Not yet announced as of 10 Sep 2026,Not yet announced as of 10 Sep 2026,"Shenzhen, China",Not yet announced as of 10 Sep 2026,Not yet announced as of 10 Sep 2026,https://www.iconf.com/conference?tags=Communication+Engineering,DISCOVERY VERIFIED,"Actual conference name/date/location/deadline taken from the cited published source. Unpublished fields are explicitly marked, not redirected."
"2027 18th International Conference on E-Education, E-Business, E-Management and E-Learning",IC4e 2027,Education & Business,"E-Education, E-Business & E-Learning",2027-03-26,2027-03-29,Fukuoka,Japan,In-person,"International conference focused on e-education, e-business & e-learning.",Call for papers / abstract submissions published.,2026-10-20,Not yet announced as of 10 Sep 2026,Not yet announced as of 10 Sep 2026,Not yet announced as of 10 Sep 2026,Not yet announced as of 10 Sep 2026,"Sponsored by Rajamangala University of Technology Tawan-ok; patrons include Meeting Place Fukuoka, Purdue University Northwest, De La Salle University-Manila, China West Normal University, Bulacan State University and Prince Sultan University.","Fukuoka, Japan",Not yet announced as of 10 Sep 2026,IC4e Organizing Committee / academic partners,https://www.iconf.com/conference/IC4e2027_9680,DISCOVERY VERIFIED,"Actual conference name/date/location/deadline taken from the cited published source. Unpublished fields are explicitly marked, not redirected."
2026 18th International Conference on Future Computer and Communication,ICFCC 2026,Technology,Future Computing & Communication,2026-06-11,2026-06-13,Fukuoka,Japan,In-person,International conference focused on future computing & communication.,Call for papers / abstract submissions published.,2026-01-20,Not yet announced as of 10 Sep 2026,Not yet announced as of 10 Sep 2026,Not yet announced as of 10 Sep 2026,Not yet announced as of 10 Sep 2026,Not yet announced as of 10 Sep 2026,"Fukuoka, Japan",Not yet announced as of 10 Sep 2026,Not yet announced as of 10 Sep 2026,https://www.iconf.com/conference?tags=Computer+Science+and+Technologies,DISCOVERY VERIFIED,"Actual conference name/date/location/deadline taken from the cited published source. Unpublished fields are explicitly marked, not redirected."
2027 19th International Conference on Computer Research and Development,ICCRD 2027,Technology,Computer Research & Development,2027-01-15,2027-01-17,Singapore,Singapore,In-person,International conference focused on computer research & development.,Call for papers / abstract submissions published.,2026-09-30,Not yet announced as of 10 Sep 2026,Not yet announced as of 10 Sep 2026,Not yet announced as of 10 Sep 2026,Not yet announced as of 10 Sep 2026,Not yet announced as of 10 Sep 2026,"Singapore, Singapore",Not yet announced as of 10 Sep 2026,Not yet announced as of 10 Sep 2026,https://www.iconf.com/news/1175,DISCOVERY VERIFIED,"Actual conference name/date/location/deadline taken from the cited published source. Unpublished fields are explicitly marked, not redirected."
2027 19th International Conference on Machine Learning and Computing,ICMLC 2027,Technology,Machine Learning & Computing,2027-02-26,2027-03-01,Shenzhen,China,In-person,"International conference covering theoretical and applied machine learning, deep learning, reinforcement learning, NLP, computer vision, bioinformatics and big data processing.",Call for papers / abstract submissions published.,2026-09-25,Not yet announced as of 10 Sep 2026,Not yet announced as of 10 Sep 2026,Not yet announced as of 10 Sep 2026,Not yet announced as of 10 Sep 2026,Not yet announced as of 10 Sep 2026,"Shenzhen, China",Not yet announced as of 10 Sep 2026,Not yet announced as of 10 Sep 2026,https://www.iconf.com/conference/ICMLC2027_9546,DISCOVERY VERIFIED,"Actual conference name/date/location/deadline taken from the cited published source. Unpublished fields are explicitly marked, not redirected."
20th Vaccine Congress,Vaccine Congress 2026,Health & Medicine,Vaccines & Immunology,2026-09-14,2026-09-16,Seville,Spain,In-person,International conference focused on vaccines & immunology.,Not yet announced as of 10 Sep 2026,,Not yet announced as of 10 Sep 2026,Not yet announced as of 10 Sep 2026,Not yet announced as of 10 Sep 2026,Not yet announced as of 10 Sep 2026,Not yet announced as of 10 Sep 2026,"Seville, Spain",Not yet announced as of 10 Sep 2026,Elsevier conference portfolio,https://www.elsevier.com/en-gb/events/conferences/all,DISCOVERY VERIFIED,"Actual conference name/date/location/deadline taken from the cited published source. Unpublished fields are explicitly marked, not redirected."
26th International Conference on Wear of Materials and 6th Biotribology Conference,WEAR 2027,Engineering,Materials / Tribology,2027-04-04,2027-04-08,Banff,Canada,In-person,International conference focused on wear of materials and biotribology.,Not yet announced as of 10 Sep 2026,,Not yet announced as of 10 Sep 2026,Technical sessions and research presentations; details on event website.,Not yet announced as of 10 Sep 2026,Not yet announced as of 10 Sep 2026,Not yet announced as of 10 Sep 2026,"Banff, Canada",Not yet announced as of 10 Sep 2026,Elsevier conference portfolio / organizers,https://www.elsevier.com/events/conferences/all,Discovery verified,Date/city confirmed by Elsevier listing; deeper enrichment needed.
2nd Global Cleaner Production Conference,GCP 2026,Sustainability,Cleaner Production,2026-10-26,2026-10-29,Sitges,Spain,In-person,International conference focused on cleaner production.,Not yet announced as of 10 Sep 2026,,Not yet announced as of 10 Sep 2026,Not yet announced as of 10 Sep 2026,Not yet announced as of 10 Sep 2026,Not yet announced as of 10 Sep 2026,Not yet announced as of 10 Sep 2026,"Meliá Sitges, Spain",Not yet announced as of 10 Sep 2026,Elsevier conference portfolio,https://www.elsevier.com/en-gb/events/conferences/all,DISCOVERY VERIFIED,"Actual conference name/date/location/deadline taken from the cited published source. Unpublished fields are explicitly marked, not redirected."
2026 2nd International Conference on Artificial Intelligence Security and Governance,ICAISG 2026,Technology,AI Security & Governance,2026-11-20,2026-11-22,Hangzhou,China,In-person,International conference focused on ai security & governance.,Call for papers / abstract submissions published.,2026-06-15,Not yet announced as of 10 Sep 2026,Not yet announced as of 10 Sep 2026,Not yet announced as of 10 Sep 2026,Not yet announced as of 10 Sep 2026,Not yet announced as of 10 Sep 2026,"Hangzhou, China",Not yet announced as of 10 Sep 2026,Not yet announced as of 10 Sep 2026,https://www.iconf.com/conference?tags=artificial+intelligence,DISCOVERY VERIFIED,"Actual conference name/date/location/deadline taken from the cited published source. Unpublished fields are explicitly marked, not redirected."
2026 2nd International Conference on Image and Video Processing,ICIVP 2026,Technology,Image & Video Processing,2026-11-18,2026-11-20,Kyoto,Japan,In-person,International conference focused on image & video processing.,Call for papers / abstract submissions published.,2026-05-30,Not yet announced as of 10 Sep 2026,Not yet announced as of 10 Sep 2026,Not yet announced as of 10 Sep 2026,Not yet announced as of 10 Sep 2026,Not yet announced as of 10 Sep 2026,"Kyoto, Japan",Not yet announced as of 10 Sep 2026,Not yet announced as of 10 Sep 2026,https://www.iconf.com/conference?tags=Computer+Science+and+Technologies,DISCOVERY VERIFIED,"Actual conference name/date/location/deadline taken from the cited published source. Unpublished fields are explicitly marked, not redirected."
37th Anniversary World Congress on Biosensors,Biosensors 2027,Science & Health,Biosensors,2027-05-18,2027-05-20,Kyoto,Japan,In-person,"World congress focused on biosensor science, devices and applications.",Not yet announced as of 10 Sep 2026,,Not yet announced as of 10 Sep 2026,Scientific congress program.,Not yet announced as of 10 Sep 2026,Not yet announced as of 10 Sep 2026,Not yet announced as of 10 Sep 2026,"Kyoto, Japan",Not yet announced as of 10 Sep 2026,Elsevier conference portfolio / organizers,https://www.elsevier.com/events/conferences/all,Discovery verified,Date/city confirmed by Elsevier listing.
2026 4th International Conference on Artificial Intelligence and Power Engineering,AIPE 2026,Technology & Energy,AI & Power Engineering,2026-10-30,2026-11-01,Nanjing,China,In-person,International conference focused on ai & power engineering.,Call for papers / abstract submissions published.,2026-06-10,Not yet announced as of 10 Sep 2026,Not yet announced as of 10 Sep 2026,Not yet announced as of 10 Sep 2026,Not yet announced as of 10 Sep 2026,Not yet announced as of 10 Sep 2026,"Nanjing, China",Not yet announced as of 10 Sep 2026,Not yet announced as of 10 Sep 2026,https://www.iconf.com/conference?tags=artificial+intelligence,DISCOVERY VERIFIED,"Actual conference name/date/location/deadline taken from the cited published source. Unpublished fields are explicitly marked, not redirected."
2026 4th International Conference on Power and Renewable Energy Engineering,PREE 2026,Energy & Engineering,Power / Renewable Energy,2026-10-03,,Tokyo,Japan,In-person,International conference on power and renewable energy engineering.,Not yet announced as of 10 Sep 2026,,Not yet announced as of 10 Sep 2026,Technical sessions and papers.,Not yet announced as of 10 Sep 2026,Not yet announced as of 10 Sep 2026,Not yet announced as of 10 Sep 2026,"Tokyo, Japan",Not yet announced as of 10 Sep 2026,Conference organizers,https://worldconferencecalendar.com/,Discovery index,Start date/city/category confirmed by index.
4th NIZO Plant Protein Functionality Conference,NIZO Plant Protein 2026,Food & Agriculture,Plant Protein,2026-10-13,2026-10-16,Papendal,Netherlands,In-person,International conference focused on plant protein.,Not yet announced as of 10 Sep 2026,,Not yet announced as of 10 Sep 2026,Not yet announced as of 10 Sep 2026,Not yet announced as of 10 Sep 2026,Not yet announced as of 10 Sep 2026,Not yet announced as of 10 Sep 2026,"Papendal, Netherlands",Not yet announced as of 10 Sep 2026,NIZO / Elsevier conference portfolio,https://www.elsevier.com/en-gb/events/conferences/all,DISCOVERY VERIFIED,"Actual conference name/date/location/deadline taken from the cited published source. Unpublished fields are explicitly marked, not redirected."
2027 5th Asia Conference on Advances in Image Processing,ACAIP 2027,Technology,Image Processing,2027-06-25,2027-06-27,Shanghai,China,In-person,Asia conference focused on advances in image processing.,Not yet announced as of 10 Sep 2026,,Not yet announced as of 10 Sep 2026,Technical paper sessions.,Not yet announced as of 10 Sep 2026,Not yet announced as of 10 Sep 2026,Not yet announced as of 10 Sep 2026,"Shanghai, China",Not yet announced as of 10 Sep 2026,Conference organizers,https://www.iconf.com/,Discovery index,Date/city from iConf.
5th Food Chemistry Conference,Food Chemistry 2027,Food & Science,Food Chemistry,2027-11-08,2027-11-11,Guangzhou,China,In-person,International conference focused on food chemistry.,Not yet announced as of 10 Sep 2026,,Not yet announced as of 10 Sep 2026,Not yet announced as of 10 Sep 2026,Not yet announced as of 10 Sep 2026,Not yet announced as of 10 Sep 2026,Not yet announced as of 10 Sep 2026,"Guangzhou, China",Not yet announced as of 10 Sep 2026,Elsevier conference portfolio,https://www.elsevier.com/events/conferences/all,DISCOVERY VERIFIED,"Actual conference name/date/location/deadline taken from the cited published source. Unpublished fields are explicitly marked, not redirected."
"5th International Conference on Bioresource Technology for Bioenergy, Bioproducts & Environmental Sustainability",BRTX2027,Energy & Sustainability,Bioresource Technology,2027-03-15,2027-03-17,Kuala Lumpur,Malaysia,In-person,International conference focused on bioresource technology.,Not yet announced as of 10 Sep 2026,,Not yet announced as of 10 Sep 2026,Not yet announced as of 10 Sep 2026,Not yet announced as of 10 Sep 2026,Not yet announced as of 10 Sep 2026,Not yet announced as of 10 Sep 2026,"Kuala Lumpur, Malaysia",Not yet announced as of 10 Sep 2026,Elsevier conference portfolio,https://www.elsevier.com/events/conferences/all,DISCOVERY VERIFIED,"Actual conference name/date/location/deadline taken from the cited published source. Unpublished fields are explicitly marked, not redirected."
2026 5th International Conference on Mechanical Engineering and Power Engineering,MEPE 2026,Engineering,Mechanical & Power Engineering,2026-11-14,2026-11-16,Seoul,South Korea,In-person,International conference focused on mechanical & power engineering.,Call for papers / abstract submissions published.,2026-06-20,Not yet announced as of 10 Sep 2026,Not yet announced as of 10 Sep 2026,Not yet announced as of 10 Sep 2026,Not yet announced as of 10 Sep 2026,Not yet announced as of 10 Sep 2026,"Seoul, South Korea",Not yet announced as of 10 Sep 2026,Not yet announced as of 10 Sep 2026,https://www.iconf.com/conference?tags=Mechanical+Engineering,DISCOVERY VERIFIED,"Actual conference name/date/location/deadline taken from the cited published source. Unpublished fields are explicitly marked, not redirected."
2027 5th International Conference on Mechatronics and Electrical Engineering,ICMEE 2027,Engineering,Mechatronics / Electrical,2027-08-06,2027-08-08,Chengdu,China,In-person,International academic conference on mechatronics and electrical engineering.,Not yet announced as of 10 Sep 2026,,Not yet announced as of 10 Sep 2026,Technical paper sessions.,Not yet announced as of 10 Sep 2026,Not yet announced as of 10 Sep 2026,Not yet announced as of 10 Sep 2026,"Chengdu, China",Not yet announced as of 10 Sep 2026,Conference organizers,https://www.iconf.com/,Discovery index,Date/city from iConf.
2027 5th International Conference on Precision Engineering and Mechanical Manufacturing,PEMM 2027,Engineering,Precision Engineering & Manufacturing,2027-06-10,2027-06-13,Hong Kong,China,In-person,International conference focused on precision engineering & manufacturing.,Call for papers / abstract submissions published.,2027-01-20,Not yet announced as of 10 Sep 2026,Not yet announced as of 10 Sep 2026,Not yet announced as of 10 Sep 2026,Not yet announced as of 10 Sep 2026,Not yet announced as of 10 Sep 2026,"Hong Kong, China",Not yet announced as of 10 Sep 2026,Not yet announced as of 10 Sep 2026,https://www.iconf.com/conference?tags=Mechanical+Engineering,DISCOVERY VERIFIED,"Actual conference name/date/location/deadline taken from the cited published source. Unpublished fields are explicitly marked, not redirected."
2027 5th International Forum on Clean Energy Engineering,IFCEE 2027,Energy & Sustainability,Clean Energy,2027-04-26,2027-04-28,Seoul,South Korea,In-person,International forum on clean energy engineering.,Not yet announced as of 10 Sep 2026,,Not yet announced as of 10 Sep 2026,Technical and applied clean-energy sessions.,Not yet announced as of 10 Sep 2026,Not yet announced as of 10 Sep 2026,Not yet announced as of 10 Sep 2026,"Seoul, South Korea",Not yet announced as of 10 Sep 2026,Conference organizers,https://www.iconf.com/,Discovery index,Date/city from iConf.
2027 6th Asia-Pacific Computer Technology Conference,APCT 2027,Technology,Computer Technology,2027-01-15,2027-01-17,Jakarta,Indonesia,In-person,International conference focused on computer technology.,Call for papers / abstract submissions published.,2026-08-05,Not yet announced as of 10 Sep 2026,Not yet announced as of 10 Sep 2026,Not yet announced as of 10 Sep 2026,Not yet announced as of 10 Sep 2026,Not yet announced as of 10 Sep 2026,"Jakarta, Indonesia",Not yet announced as of 10 Sep 2026,Not yet announced as of 10 Sep 2026,https://www.iconf.com/news/1175,DISCOVERY VERIFIED,"Actual conference name/date/location/deadline taken from the cited published source. Unpublished fields are explicitly marked, not redirected."
6th Global Food Security Conference,GFSC 2027,Food & Agriculture,Food Security,2027-04-19,2027-04-22,Wageningen,Netherlands,In-person,"Global conference on food security, systems and resilience.",Not yet announced as of 10 Sep 2026,,Not yet announced as of 10 Sep 2026,Scientific sessions and interdisciplinary research program.,Not yet announced as of 10 Sep 2026,Not yet announced as of 10 Sep 2026,Not yet announced as of 10 Sep 2026,Wageningen University & Research,Not yet announced as of 10 Sep 2026,Elsevier conference portfolio / organizers,https://www.elsevier.com/events/conferences/all,Discovery verified,Date/location confirmed by Elsevier listing.
2026 6th International Conference on Artificial Intelligence and Application Technologies,AIAT 2026,Technology,AI Applications,2026-12-03,2026-12-05,Tokyo,Japan,In-person,International conference focused on ai applications.,Call for papers / abstract submissions published.,2026-07-15,Not yet announced as of 10 Sep 2026,Not yet announced as of 10 Sep 2026,Not yet announced as of 10 Sep 2026,Not yet announced as of 10 Sep 2026,Not yet announced as of 10 Sep 2026,"Tokyo, Japan",Not yet announced as of 10 Sep 2026,Not yet announced as of 10 Sep 2026,https://www.iconf.com/conference?tags=artificial+intelligence,DISCOVERY VERIFIED,"Actual conference name/date/location/deadline taken from the cited published source. Unpublished fields are explicitly marked, not redirected."
2026 6th International Conference on Big Data and Computational Intelligence,BDCI 2026,Technology,Big Data & Computational Intelligence,2026-06-11,2026-06-13,Fukuoka,Japan,In-person,International conference focused on big data & computational intelligence.,Call for papers / abstract submissions published.,2026-01-20,Not yet announced as of 10 Sep 2026,Not yet announced as of 10 Sep 2026,Not yet announced as of 10 Sep 2026,Not yet announced as of 10 Sep 2026,Not yet announced as of 10 Sep 2026,"Fukuoka, Japan",Not yet announced as of 10 Sep 2026,Not yet announced as of 10 Sep 2026,https://www.iconf.com/conference?tags=Computer+Science+and+Technologies,DISCOVERY VERIFIED,"Actual conference name/date/location/deadline taken from the cited published source. Unpublished fields are explicitly marked, not redirected."
2026 6th International Conference on Computer and Communication Engineering,CCCE 2026,Technology,Computer & Communication Engineering,2026-08-28,2026-08-30,Milan,Italy,In-person,International conference focused on computer & communication engineering.,Call for papers / abstract submissions published.,2026-03-10,Not yet announced as of 10 Sep 2026,Not yet announced as of 10 Sep 2026,Not yet announced as of 10 Sep 2026,Not yet announced as of 10 Sep 2026,Not yet announced as of 10 Sep 2026,"Milan, Italy",Not yet announced as of 10 Sep 2026,Not yet announced as of 10 Sep 2026,https://www.iconf.com/conference?tags=Communication+Engineering,DISCOVERY VERIFIED,"Actual conference name/date/location/deadline taken from the cited published source. Unpublished fields are explicitly marked, not redirected."
2026 6th International Conference on Computer Communication and Information Systems,CCCIS 2026,Technology,Computer Communication & Information Systems,2026-09-25,2026-09-27,Malacca,Malaysia,In-person,International conference focused on computer communication & information systems.,Call for papers / abstract submissions published.,2026-05-20,Not yet announced as of 10 Sep 2026,Not yet announced as of 10 Sep 2026,Not yet announced as of 10 Sep 2026,Not yet announced as of 10 Sep 2026,Not yet announced as of 10 Sep 2026,"Malacca, Malaysia",Not yet announced as of 10 Sep 2026,Not yet announced as of 10 Sep 2026,https://www.iconf.com/conference?tags=Communication+Engineering,DISCOVERY VERIFIED,"Actual conference name/date/location/deadline taken from the cited published source. Unpublished fields are explicitly marked, not redirected."
2026 6th International Conference on Intelligent Technology and Embedded Systems,ICITES 2026,Technology,Embedded Systems,2026-09-18,2026-09-21,Hangzhou,China,In-person,International conference focused on embedded systems.,Call for papers / abstract submissions published.,2026-05-30,Not yet announced as of 10 Sep 2026,Not yet announced as of 10 Sep 2026,Not yet announced as of 10 Sep 2026,Not yet announced as of 10 Sep 2026,Not yet announced as of 10 Sep 2026,"Hangzhou, China",Not yet announced as of 10 Sep 2026,Not yet announced as of 10 Sep 2026,https://www.iconf.com/conference?tags=Communication+Engineering,DISCOVERY VERIFIED,"Actual conference name/date/location/deadline taken from the cited published source. Unpublished fields are explicitly marked, not redirected."
"2026 6th International Conference on Robotics, Automation, and Artificial Intelligence",RAAI 2026,Technology,"Robotics, Automation & AI",2026-12-18,2026-12-20,Singapore,Singapore,In-person,"International conference focused on robotics, automation & ai.",Call for papers / abstract submissions published.,2026-08-01,Not yet announced as of 10 Sep 2026,Not yet announced as of 10 Sep 2026,Not yet announced as of 10 Sep 2026,Not yet announced as of 10 Sep 2026,Not yet announced as of 10 Sep 2026,"Singapore, Singapore",Not yet announced as of 10 Sep 2026,Not yet announced as of 10 Sep 2026,https://www.iconf.com/conference?tags=artificial+intelligence,DISCOVERY VERIFIED,"Actual conference name/date/location/deadline taken from the cited published source. Unpublished fields are explicitly marked, not redirected."
2026 6th International Joint Conference on Robotics and Artificial Intelligence,JCRAI 2026,Technology & Engineering,Robotics / AI,2026-11-06,,Beijing,China,In-person,International joint conference on robotics and artificial intelligence.,Not yet announced as of 10 Sep 2026,,Not yet announced as of 10 Sep 2026,Technical sessions and papers.,Not yet announced as of 10 Sep 2026,Not yet announced as of 10 Sep 2026,Not yet announced as of 10 Sep 2026,"Beijing, China",Not yet announced as of 10 Sep 2026,Conference organizers,https://worldconferencecalendar.com/,Discovery index,Start date/city/category confirmed by index.
7th IAFOR International Conference on Arts & Humanities in Hawaii,IICAH2027,Arts & Humanities,Interdisciplinary Humanities,2027-01-07,,Honolulu,United States,Hybrid,IAFOR interdisciplinary arts and humanities conference in partnership with University of Hawai'i at Mānoa.,"Call for Papers; early-bird submission deadline Jul 16, 2026.",2026-07-16,Not yet announced as of 10 Sep 2026,"Presentations, plenaries, interdisciplinary panels and networking.",Not yet announced as of 10 Sep 2026,IAFOR conference/program committee.,Partners/sponsors on official event page.,"Honolulu, Hawaii",Not yet announced as of 10 Sep 2026,The International Academic Forum (IAFOR),https://www.conferencesked.com/conferences/conferences-2027,Discovery verified,Date/CFP information from conference index; official IAFOR page recommended for final enrichment.
7th International Brain Stimulation Conference,Brain Stimulation 2027,Health & Medicine,Brain Stimulation & Neuroscience,2027-02-21,2027-02-24,Lyon,France,In-person,International conference focused on brain stimulation & neuroscience.,Not yet announced as of 10 Sep 2026,,Not yet announced as of 10 Sep 2026,Not yet announced as of 10 Sep 2026,Not yet announced as of 10 Sep 2026,Not yet announced as of 10 Sep 2026,Not yet announced as of 10 Sep 2026,"Lyon, France",Not yet announced as of 10 Sep 2026,Elsevier conference portfolio,https://www.elsevier.com/events/conferences/all,DISCOVERY VERIFIED,"Actual conference name/date/location/deadline taken from the cited published source. Unpublished fields are explicitly marked, not redirected."
2027 7th International Conference on Big Data Engineering and Education,BDEE 2027,Education & Technology,Big Data & Education,2027-04-16,2027-04-18,Zhengzhou,China,In-person,International conference focused on big data & education.,Call for papers / abstract submissions published.,2026-10-20,Not yet announced as of 10 Sep 2026,Not yet announced as of 10 Sep 2026,Not yet announced as of 10 Sep 2026,Not yet announced as of 10 Sep 2026,Not yet announced as of 10 Sep 2026,"Zhengzhou, China",Not yet announced as of 10 Sep 2026,Not yet announced as of 10 Sep 2026,https://www.iconf.com/conference?confDateEnd=&confDateStart=&confName=&contient=&country=&tags=Education,DISCOVERY VERIFIED,"Actual conference name/date/location/deadline taken from the cited published source. Unpublished fields are explicitly marked, not redirected."
"2027 7th International Conference on Computer, Control and Robotics",ICCCR 2027,Technology & Engineering,"Computer, Control & Robotics",2027-05-14,2027-05-16,Chengdu,China,In-person,"International conference focused on computer, control & robotics.",Call for papers / abstract submissions published.,2027-01-01,Not yet announced as of 10 Sep 2026,Not yet announced as of 10 Sep 2026,Not yet announced as of 10 Sep 2026,Not yet announced as of 10 Sep 2026,Sponsored by Southwest Jiaotong University.,"Chengdu, China",Not yet announced as of 10 Sep 2026,Southwest Jiaotong University / ICCCR Organizing Committee,https://www.iconf.com/conference/ICCCR2027_9696,DISCOVERY VERIFIED,"Actual conference name/date/location/deadline taken from the cited published source. Unpublished fields are explicitly marked, not redirected."
7th International Conference on Materials Physics and Chemistry,ICMPC 2027,Science & Engineering,Materials Science,2027-01-08,2027-01-10,Sanya,China,In-person,International conference on materials physics and chemistry.,"Submission deadline listed Dec 23, 2026.",2026-12-23,Not yet announced as of 10 Sep 2026,Scientific paper sessions.,Not yet announced as of 10 Sep 2026,Not yet announced as of 10 Sep 2026,Not yet announced as of 10 Sep 2026,"Sanya, China",Not yet announced as of 10 Sep 2026,Academic Communications / organizers,https://conferencesked.com/conferences/conferences-2027,Discovery verified,Date/deadline from index.
2026 7th International Conference on Natural Language Processing and Artificial Intelligence,NLPAI 2026,Technology,NLP & Artificial Intelligence,2026-07-10,2026-07-13,Urumqi,China,In-person,International conference focused on nlp & artificial intelligence.,Call for papers / abstract submissions published.,2026-01-25,Not yet announced as of 10 Sep 2026,Not yet announced as of 10 Sep 2026,Not yet announced as of 10 Sep 2026,Not yet announced as of 10 Sep 2026,Not yet announced as of 10 Sep 2026,"Urumqi, China",Not yet announced as of 10 Sep 2026,Not yet announced as of 10 Sep 2026,https://www.iconf.com/conference?tags=Computer+Science+and+Technologies,DISCOVERY VERIFIED,"Actual conference name/date/location/deadline taken from the cited published source. Unpublished fields are explicitly marked, not redirected."
2027 7th International Conference on Software Engineering and Artificial Intelligence,SEAI 2027,Technology,Software Engineering / AI,2027-06-18,2027-06-20,Quanzhou,China,In-person,Academic conference combining software engineering and artificial intelligence.,Not yet announced as of 10 Sep 2026,,Not yet announced as of 10 Sep 2026,Technical paper sessions.,Not yet announced as of 10 Sep 2026,Not yet announced as of 10 Sep 2026,Not yet announced as of 10 Sep 2026,"Quanzhou, China",Not yet announced as of 10 Sep 2026,Conference organizers,https://www.iconf.com/,Discovery index,Date/city from iConf.
2027 8th Asia Conference on Renewable Energy and Environmental Engineering,AREEE 2027,Energy & Sustainability,Renewable Energy & Environment,2027-04-07,2027-04-10,Singapore,Singapore,In-person,International conference focused on renewable energy & environment.,Call for papers / abstract submissions published.,2026-11-20,Not yet announced as of 10 Sep 2026,Not yet announced as of 10 Sep 2026,Not yet announced as of 10 Sep 2026,Not yet announced as of 10 Sep 2026,Not yet announced as of 10 Sep 2026,"Singapore, Singapore",Not yet announced as of 10 Sep 2026,Not yet announced as of 10 Sep 2026,https://www.iconf.com/conference?tags=Energy+and+Resources,DISCOVERY VERIFIED,"Actual conference name/date/location/deadline taken from the cited published source. Unpublished fields are explicitly marked, not redirected."
2026 8th Blockchain and Internet of Things Conference,BIOTC 2026,Technology,Blockchain & IoT,2026-07-08,2026-07-10,Tokyo,Japan,In-person,International conference focused on blockchain & iot.,Call for papers / abstract submissions published.,2026-01-10,Not yet announced as of 10 Sep 2026,Not yet announced as of 10 Sep 2026,Not yet announced as of 10 Sep 2026,Not yet announced as of 10 Sep 2026,Not yet announced as of 10 Sep 2026,"Tokyo, Japan",Not yet announced as of 10 Sep 2026,Not yet announced as of 10 Sep 2026,https://www.iconf.com/conference?tags=Computer+Science+and+Technologies,DISCOVERY VERIFIED,"Actual conference name/date/location/deadline taken from the cited published source. Unpublished fields are explicitly marked, not redirected."
2026 8th International Conference on Circuits and Systems,ICCS 2026,Engineering,Circuits & Systems,2026-09-18,2026-09-21,Hangzhou,China,In-person,International conference focused on circuits & systems.,Call for papers / abstract submissions published.,2026-05-20,Not yet announced as of 10 Sep 2026,Not yet announced as of 10 Sep 2026,Not yet announced as of 10 Sep 2026,Not yet announced as of 10 Sep 2026,Not yet announced as of 10 Sep 2026,"Hangzhou, China",Not yet announced as of 10 Sep 2026,Not yet announced as of 10 Sep 2026,https://www.iconf.com/conference?tags=Communication+Engineering,DISCOVERY VERIFIED,"Actual conference name/date/location/deadline taken from the cited published source. Unpublished fields are explicitly marked, not redirected."
2026 8th International Conference on Computer Communication and the Internet,ICCCI 2026,Technology,Computer Communication & Internet,2026-06-26,2026-06-28,Okayama,Japan,In-person,International conference focused on computer communication & internet.,Call for papers / abstract submissions published.,2026-02-20,Not yet announced as of 10 Sep 2026,Not yet announced as of 10 Sep 2026,Not yet announced as of 10 Sep 2026,Not yet announced as of 10 Sep 2026,Not yet announced as of 10 Sep 2026,"Okayama, Japan",Not yet announced as of 10 Sep 2026,Not yet announced as of 10 Sep 2026,https://www.iconf.com/conference?tags=Computer+Science+and+Technologies,DISCOVERY VERIFIED,"Actual conference name/date/location/deadline taken from the cited published source. Unpublished fields are explicitly marked, not redirected."
2027 8th International Conference on Computer Vision and Information Technology,CVIT 2027,Technology,Computer Vision / IT,2027-06-16,2027-06-18,Rome,Italy,In-person,International conference on computer vision and information technology.,Not yet announced as of 10 Sep 2026,,Not yet announced as of 10 Sep 2026,Technical papers and presentations.,Not yet announced as of 10 Sep 2026,Not yet announced as of 10 Sep 2026,Not yet announced as of 10 Sep 2026,"Rome, Italy",Not yet announced as of 10 Sep 2026,Conference organizers,https://www.iconf.com/,Discovery index,Date/city from iConf.
2027 8th International Conference on Education Development and Studies,ICEDS 2027,Education,Education Development & Studies,2027-04-15,2027-04-17,Glasgow,United Kingdom,In-person,"International peer-reviewed conference on education, technology and society; 2027 theme: Reimagining Education for an Inclusive, Sustainable, and Digital Future.",Call for papers / abstract submissions published.,2026-10-15,Not yet announced as of 10 Sep 2026,"15 Apr: sign-in; 16 Apr: opening remarks, keynote speech and session presentations; 17 Apr: city visit.",Not yet announced as of 10 Sep 2026,Not yet announced as of 10 Sep 2026,Organized by University of Glasgow; supported by University of Hull.,"University of Glasgow, Gilmorehill Campus, Glasgow G12 8QQ, Scotland",Not yet announced as of 10 Sep 2026,University of Glasgow,https://www.iconf.com/conference/ICEDS2027_9844,DISCOVERY VERIFIED,"Actual conference name/date/location/deadline taken from the cited published source. Unpublished fields are explicitly marked, not redirected."
2026 8th International Conference on Information Technology and Computer Communications,ITCC 2026,Technology,IT & Computer Communications,2026-08-21,2026-08-23,Tokyo,Japan,In-person,International conference focused on it & computer communications.,Call for papers / abstract submissions published.,2026-03-10,Not yet announced as of 10 Sep 2026,Not yet announced as of 10 Sep 2026,Not yet announced as of 10 Sep 2026,Not yet announced as of 10 Sep 2026,Not yet announced as of 10 Sep 2026,"Tokyo, Japan",Not yet announced as of 10 Sep 2026,Not yet announced as of 10 Sep 2026,https://www.iconf.com/conference?tags=Communication+Engineering,DISCOVERY VERIFIED,"Actual conference name/date/location/deadline taken from the cited published source. Unpublished fields are explicitly marked, not redirected."
2027 8th International Conference on Information Technology and Education Technology,ITET 2027,Education & Technology,Education Technology,2027-05-28,2027-05-30,Okayama,Japan,In-person,International conference focused on education technology.,Call for papers / abstract submissions published.,2026-12-15,Not yet announced as of 10 Sep 2026,Not yet announced as of 10 Sep 2026,Not yet announced as of 10 Sep 2026,Not yet announced as of 10 Sep 2026,Not yet announced as of 10 Sep 2026,"Okayama, Japan",Not yet announced as of 10 Sep 2026,Not yet announced as of 10 Sep 2026,https://www.iconf.com/conference?confDateEnd=&confDateStart=&confName=&contient=&country=&tags=Education,DISCOVERY VERIFIED,"Actual conference name/date/location/deadline taken from the cited published source. Unpublished fields are explicitly marked, not redirected."
2026 8th International Conference on Progress in Mechanical and Aerospace Engineering,PMAE 2026,Engineering,Mechanical & Aerospace Engineering,2026-12-18,2026-12-20,Singapore,Singapore,In-person,International conference focused on mechanical & aerospace engineering.,Call for papers / abstract submissions published.,2026-08-01,Not yet announced as of 10 Sep 2026,Not yet announced as of 10 Sep 2026,Not yet announced as of 10 Sep 2026,Not yet announced as of 10 Sep 2026,Not yet announced as of 10 Sep 2026,"Singapore, Singapore",Not yet announced as of 10 Sep 2026,Not yet announced as of 10 Sep 2026,https://www.iconf.com/conference?tags=Mechanical+Engineering,DISCOVERY VERIFIED,"Actual conference name/date/location/deadline taken from the cited published source. Unpublished fields are explicitly marked, not redirected."
2027 9th International Conference on Advanced Mechanical and Electrical Engineering,AMEE 2027,Engineering,Mechanical & Electrical Engineering,2027-05-21,2027-05-23,Haikou,China,In-person,International conference focused on mechanical & electrical engineering.,Call for papers / abstract submissions published.,2026-12-10,Not yet announced as of 10 Sep 2026,Not yet announced as of 10 Sep 2026,Not yet announced as of 10 Sep 2026,Not yet announced as of 10 Sep 2026,Not yet announced as of 10 Sep 2026,"Haikou, China",Not yet announced as of 10 Sep 2026,Not yet announced as of 10 Sep 2026,https://www.iconf.com/conference?tags=Mechanical+Engineering,DISCOVERY VERIFIED,"Actual conference name/date/location/deadline taken from the cited published source. Unpublished fields are explicitly marked, not redirected."
2027 9th International Conference on Clean Energy and Electrical Systems,CEES 2027,Energy & Engineering,Clean Energy / Electrical,2027-04-28,2027-04-30,Osaka,Japan,In-person,Academic conference on clean energy and electrical systems.,Not yet announced as of 10 Sep 2026,,Not yet announced as of 10 Sep 2026,Technical paper sessions.,Not yet announced as of 10 Sep 2026,Not yet announced as of 10 Sep 2026,Not yet announced as of 10 Sep 2026,"Osaka, Japan",Not yet announced as of 10 Sep 2026,Conference organizers,https://www.iconf.com/,Discovery index,Date/city from iConf.
2026 9th International Conference on Computational Intelligence and Intelligent Systems,CIIS 2026,Technology,Computational Intelligence,2026-10-26,2026-10-28,Osaka,Japan,In-person,International conference focused on computational intelligence.,Call for papers / abstract submissions published.,2026-06-05,Not yet announced as of 10 Sep 2026,Not yet announced as of 10 Sep 2026,Not yet announced as of 10 Sep 2026,Not yet announced as of 10 Sep 2026,Not yet announced as of 10 Sep 2026,"Osaka, Japan",Not yet announced as of 10 Sep 2026,Not yet announced as of 10 Sep 2026,https://www.iconf.com/conference?tags=artificial+intelligence,DISCOVERY VERIFIED,"Actual conference name/date/location/deadline taken from the cited published source. Unpublished fields are explicitly marked, not redirected."
2026 9th International Conference on Computer and Communication Engineering Technology,CCET 2026,Technology,Computer & Communication Engineering,2026-08-14,2026-08-16,Taiyuan,China,In-person,International conference focused on computer & communication engineering.,Call for papers / abstract submissions published.,2026-03-25,Not yet announced as of 10 Sep 2026,Not yet announced as of 10 Sep 2026,Not yet announced as of 10 Sep 2026,Not yet announced as of 10 Sep 2026,Not yet announced as of 10 Sep 2026,"Taiyuan, China",Not yet announced as of 10 Sep 2026,Not yet announced as of 10 Sep 2026,https://www.iconf.com/conference?tags=Communication+Engineering,DISCOVERY VERIFIED,"Actual conference name/date/location/deadline taken from the cited published source. Unpublished fields are explicitly marked, not redirected."
2027 9th International Conference on Computer Communication and the Internet,ICCCI 2027,Technology,Communications / Internet,2027-06-25,2027-06-27,Tokyo,Japan,In-person,International conference on computer communication and internet technologies.,Not yet announced as of 10 Sep 2026,,Not yet announced as of 10 Sep 2026,Technical paper sessions.,Not yet announced as of 10 Sep 2026,Not yet announced as of 10 Sep 2026,Not yet announced as of 10 Sep 2026,"Tokyo, Japan",Not yet announced as of 10 Sep 2026,Conference organizers,https://www.iconf.com/,Discovery index,Date/city from iConf.
2027 9th International Conference on Computer Science and Technologies in Education,CSTE 2027,Education & Technology,Computer Science in Education,2027-04-09,2027-04-11,Wuhan,China,In-person,International conference focused on computer science in education.,Call for papers / abstract submissions published.,2026-11-05,Not yet announced as of 10 Sep 2026,Not yet announced as of 10 Sep 2026,Not yet announced as of 10 Sep 2026,Not yet announced as of 10 Sep 2026,Not yet announced as of 10 Sep 2026,"Wuhan, China",Not yet announced as of 10 Sep 2026,Not yet announced as of 10 Sep 2026,https://www.iconf.com/conference?confDateEnd=&confDateStart=&confName=&contient=&country=&tags=Education,DISCOVERY VERIFIED,"Actual conference name/date/location/deadline taken from the cited published source. Unpublished fields are explicitly marked, not redirected."
2026 9th International Conference on Environment and Ocean Engineering,ICEOE 2026,Environment,Ocean & Environmental Engineering,2026-11-27,2026-11-29,Ho Chi Minh City,Vietnam,In-person,International conference focused on ocean & environmental engineering.,Call for papers / abstract submissions published.,2026-09-30,Not yet announced as of 10 Sep 2026,Not yet announced as of 10 Sep 2026,Not yet announced as of 10 Sep 2026,Not yet announced as of 10 Sep 2026,Not yet announced as of 10 Sep 2026,"Ho Chi Minh City, Vietnam",Not yet announced as of 10 Sep 2026,Not yet announced as of 10 Sep 2026,https://www.iconf.com/conference?tags=Energy+and+Resources,DISCOVERY VERIFIED,"Actual conference name/date/location/deadline taken from the cited published source. Unpublished fields are explicitly marked, not redirected."
2026 9th International Conference on Healthcare Service Management,ICHSM 2026,Health & Management,Healthcare Management,2026-09-24,,Isparta,Türkiye,In-person,International conference on healthcare service management.,Not yet announced as of 10 Sep 2026,,Not yet announced as of 10 Sep 2026,Research and management sessions.,Not yet announced as of 10 Sep 2026,Not yet announced as of 10 Sep 2026,Not yet announced as of 10 Sep 2026,"Isparta, Türkiye",Not yet announced as of 10 Sep 2026,Conference organizers,https://worldconferencecalendar.com/,Discovery index,Start date/city/category confirmed by index.
2026 9th International Conference on Information Communication and Signal Processing,ICICSP 2026,Technology,Signal Processing & Communications,2026-09-18,2026-09-20,Shanghai,China,In-person,International conference focused on signal processing & communications.,Call for papers / abstract submissions published.,2026-03-25,Not yet announced as of 10 Sep 2026,Not yet announced as of 10 Sep 2026,Not yet announced as of 10 Sep 2026,Not yet announced as of 10 Sep 2026,Not yet announced as of 10 Sep 2026,"Shanghai, China",Not yet announced as of 10 Sep 2026,Not yet announced as of 10 Sep 2026,https://www.iconf.com/conference?tags=Communication+Engineering,DISCOVERY VERIFIED,"Actual conference name/date/location/deadline taken from the cited published source. Unpublished fields are explicitly marked, not redirected."
2026 9th International Conference on Mechanical Manufacturing and Industrial Engineering,MMIE 2026,Engineering,Manufacturing & Industrial Engineering,2026-08-19,2026-08-22,Kyoto,Japan,In-person,International conference focused on manufacturing & industrial engineering.,Call for papers / abstract submissions published.,2026-07-10,Not yet announced as of 10 Sep 2026,Not yet announced as of 10 Sep 2026,Not yet announced as of 10 Sep 2026,Not yet announced as of 10 Sep 2026,Not yet announced as of 10 Sep 2026,"Kyoto, Japan",Not yet announced as of 10 Sep 2026,Not yet announced as of 10 Sep 2026,https://www.iconf.com/conference?tags=Mechanical+Engineering,DISCOVERY VERIFIED,"Actual conference name/date/location/deadline taken from the cited published source. Unpublished fields are explicitly marked, not redirected."
"2026 9th International Conference on Mechanical, System and Control Engineering",ICMSC 2026,Engineering,Mechanical Systems & Control,2026-11-22,2026-11-24,Toyama,Japan,In-person,International conference focused on mechanical systems & control.,Call for papers / abstract submissions published.,2026-07-05,Not yet announced as of 10 Sep 2026,Not yet announced as of 10 Sep 2026,Not yet announced as of 10 Sep 2026,Not yet announced as of 10 Sep 2026,Not yet announced as of 10 Sep 2026,"Toyama, Japan",Not yet announced as of 10 Sep 2026,Not yet announced as of 10 Sep 2026,https://www.iconf.com/conference?tags=Mechanical+Engineering,DISCOVERY VERIFIED,"Actual conference name/date/location/deadline taken from the cited published source. Unpublished fields are explicitly marked, not redirected."
2026 9th International Conference on Robotic Systems and Applications,ICRSA 2026,Technology,Robotic Systems,2026-10-30,2026-11-01,Huizhou,China,In-person,International conference focused on robotic systems.,Call for papers / abstract submissions published.,2026-06-05,Not yet announced as of 10 Sep 2026,Not yet announced as of 10 Sep 2026,Not yet announced as of 10 Sep 2026,Not yet announced as of 10 Sep 2026,Not yet announced as of 10 Sep 2026,"Huizhou, China",Not yet announced as of 10 Sep 2026,Not yet announced as of 10 Sep 2026,https://www.iconf.com/conference?tags=artificial+intelligence,DISCOVERY VERIFIED,"Actual conference name/date/location/deadline taken from the cited published source. Unpublished fields are explicitly marked, not redirected."
AAAI-27: 41st Annual AAAI Conference on Artificial Intelligence,AAAI-27,Technology,Artificial Intelligence,2027-02-16,2027-02-23,Montréal,Canada,In-person,"The 41st AAAI Conference on Artificial Intelligence; an in-person research conference spanning the full breadth of AI, with technical papers, special tracks, invited speakers, workshops, tutorials, posters, competitions, exhibits, Bridge Program and Lab Program.",Main Technical Track: OpenReview author registration opened 17 Jun 2026; abstract deadline 21 Jul 2026; full-paper deadline 28 Jul 2026; supplementary material/code deadline 31 Jul 2026.,2026-07-28,Not yet announced as of 10 Sep 2026,Technical paper presentations; special tracks; invited speakers; workshops; tutorials; poster sessions; senior-member presentations; competitions; exhibition program; Bridge Program; Lab Program.,Not yet announced as of 10 Sep 2026,"AAAI Conference Committee Chair: Kevin Leyton-Brown; General Chair: Edith Elkind; Program Co-Chairs: Yan Liu, Balaraman Ravindran; Associate Program Chairs: Joydeep Biswas, Bistra Dilkina, Minlie Huang, Richa Singh, Pradeep Varakantham; AI Alignment Chairs: Dylan Hadfield-Menell, Mitchell Gordon; AI for Social Impact Chairs: Bryan Wilder, Andrew Perrault; Demonstration Chairs: Sarah Keren, Sarath Sreedharan; Doctoral Consortium Co-Chairs: Wei Liu, Yue Zhao; Ethics Chair: Matthew Gombolay; Senior Members Track Chairs: Siddharth Srivastava, Noa Agmon.",Not yet announced as of 10 Sep 2026,"Montréal, Canada; specific conference facility not yet announced on the official AAAI-27 page.",Official AAAI-27 accommodations and travel program is provided through the AAAI attendee pages; named hotel block not yet announced.,Association for the Advancement of Artificial Intelligence (AAAI),https://aaai.org/conference/aaai/aaai-27/ ; https://aaai.org/conference/aaai/aaai-27/organizers/,OFFICIAL VERIFIED,Official AAAI sources checked; unpublished fields explicitly marked.
ACC.27 Together With WCC,ACC.27-WCC,Health & Medicine,Cardiology,2027-04-10,2027-04-12,Houston,United States,In-person,Joint American College of Cardiology / World Heart Federation scientific meeting for global cardiovascular professionals.,Abstract and clinical-case submissions open 25 Aug 2026 and close 6 Oct 2026.,2026-10-06,Not yet announced as of 10 Sep 2026,"Pre-conference sessions: Fri 9 Apr 2027, 10:00 AM–6:00 PM CT. Main meeting opens Sat 10 Apr at 8:30 AM CT with Opening Showcase and concludes Mon 12 Apr at 5:30 PM CT after Closing Ceremony, Convocation & Reception; scientific sessions, late-breaking research, guideline and innovation programming.",Not yet announced as of 10 Sep 2026,Not yet announced as of 10 Sep 2026,Not yet announced as of 10 Sep 2026,"Houston, Texas, USA; exact convention facility not yet published on the official registration page.",Official registration/housing providers: Maritz Global Events and International Group Housing (ABTS Convention Services). Hotel inventory/rates not yet published.,American College of Cardiology (ACC) and World Heart Federation (WHF),https://accscientificsession.acc.org/Registration-and-Hotels,OFFICIAL VERIFIED,"Dates and registration windows are official. Actual attendee prices, speakers and sponsor roster not yet published."
African Stroke Organization Conference 2026,ASOC 2026,Health & Medicine,Stroke / Neurology,,,Addis Ababa,Ethiopia,In-person,Regional/global stroke conference listed for November 2026.,Not yet announced as of 10 Sep 2026,,Not captured.,Program not captured.,Not captured.,Not captured.,Not captured.,"Addis Ababa, Ethiopia",Not captured.,African Stroke Organization,https://impactconvene.com/conferences/,Discovery index,Month/year known; exact dates/details require enrichment.
African Studies Association Annual Meeting 2027,ASA 2027,Social Sciences,African Studies,2027-12-09,2027-12-11,Detroit,United States,In-person,Annual meeting for African studies scholars and professionals.,CFP expected via ASA.,,Pricing pending.,"Panels, papers, roundtables and scholarly networking.",To be announced.,ASA program committee.,Sponsors/exhibitors pending.,"Detroit, Michigan",TBD,African Studies Association,https://uia.org/icco/search/%24freesearch%3DTorun?freesearch=&page=53,Discovery verified,Dates/city from UIA international congress calendar.
AGU26 Annual Meeting,AGU26,Science,Earth & Space Sciences,2026-12-07,2026-12-11,San Francisco,United States,In-person + online,"AGU's annual meeting, the largest gathering of Earth and space scientists, convening 25,000+ attendees from 100+ countries.",Main abstract cycle completed; late-breaking abstract submission deadline 29 Sep 2026.,2026-09-29,Registration is open with early-rate pricing; category-by-category rates are published in the AGU registration portal but were not exposed in the public source extract used for this dataset.,Thousands of research presentations; workshops; panel discussions; hands-on learning; mentoring; career programming; networking; exhibits. Scientific program goes live in early October 2026.,Not yet announced as of 10 Sep 2026,Not yet announced as of 10 Sep 2026,Not yet announced as of 10 Sep 2026,"Moscone Center, 747 Howard St, San Francisco, CA 94103, USA",Official AGU housing block is open with discounted hotel rates; specific hotel/rate inventory varies in the booking portal.,American Geophysical Union (AGU),https://www.agu.org/agu26,OFFICIAL VERIFIED,Official AGU source checked; program/speaker/sponsor details still evolving.
AGU27 Annual Meeting,AGU27,Science,Earth & Space Sciences,2027-12-13,2027-12-17,"Washington, D.C.",United States,In-person + online,"AGU annual meeting for the global Earth and space science community, with thousands of presentations, workshops and networking opportunities.","Session, scientific-workshop and town-hall proposals open Mar 2027 and close Apr 2027. Abstract submissions open Jun 2027 and close Aug 2027.",2027-08,Not yet announced as of 10 Sep 2026,"Thousands of research presentations, workshops and networking opportunities; detailed 2027 program not yet announced.",Not yet announced as of 10 Sep 2026,Not yet announced as of 10 Sep 2026,Not yet announced as of 10 Sep 2026,"Walter E. Washington Convention Center, 801 Allen Y. Lew Place NW, Washington, D.C., USA; online participation also planned.",Official registration and housing opens Aug 2027; hotel names/rates not yet announced.,American Geophysical Union (AGU),https://www.agu.org/meetings/all-meetings/agu27,OFFICIAL VERIFIED,Official AGU27 page checked.
2027 ASCO Annual Meeting,ASCO27,Health & Medicine,Oncology,2027-06-04,2027-06-08,Chicago,United States,In-person + digital access,"ASCO's global oncology annual meeting, featuring more than 200 sessions and thousands of research presentations.",Abstract submission opens 4 Nov 2026; regular abstract deadline 26 Jan 2027; late-breaking abstract deadline 8 Mar 2027.,2027-01-26,Not yet announced as of 10 Sep 2026,"Plenary Session; Opening Session; ASCO Voices; 22 Oral Abstract Sessions; 25 Rapid Oral Abstract Sessions; Clinical Science Symposia; 12+ Case-Based Panels; Joint Sessions with AACR, ASPO and ESMO; 2,800+ posters including Trials in Progress. Full 2027 program scheduled for release mid-November 2026.","Elizabeth Mittendorf, MD, PhD — ASCO President; Presidential theme: “Intentional Teams. Exceptional Care.” Other 2027 plenary/award speakers not yet announced.",Not yet announced as of 10 Sep 2026,"2026 sponsorship donors currently shown on the 2027 ASCO pages: Platinum — Daiichi Sankyo, Genentech, Johnson & Johnson, Novartis; Gold — Bristol Myers Squibb; Silver — Gilead and Kite, Helsinn, Lilly; Track donors include Genentech/Roche, Johnson & Johnson, Merck & Co., AbbVie, AstraZeneca, BioNTech, Daiichi Sankyo, Lilly, Novartis. 2027 donor list not yet published.","McCormick Place, Chicago, Illinois, USA","SPARGO, Inc. is ASCO's official registration and housing provider. 2027 attendee hotel inventory/rates not yet published.",American Society of Clinical Oncology (ASCO),https://www.asco.org/annual-meeting/program/program-overview ; https://www.asco.org/annual-meeting/registration-hotels,OFFICIAL VERIFIED,Official ASCO pages checked. Sponsor names shown are explicitly identified as 2026 donors on 2027 pages; 2027 sponsor list is pending.
Asia-Oceania Conference on Neutron Scattering 2027,AOCNS 2027,Science,Neutron Scattering,2027-11-24,2027-11-28,Mumbai,India,In-person,Regional international conference on neutron-scattering science and facilities.,CFP details pending.,,Pricing pending.,"Scientific talks, facility/science sessions and posters.",To be announced.,AONSA scientific/program committee.,Sponsors pending.,"Mumbai, India",TBD,Asia-Oceania Neutron Scattering Association,https://uia.org/icco/search/%24freesearch%3DTorun?freesearch=&page=53,Discovery verified,Dates/city from UIA.
ASU+GSV Summit 2027,ASU+GSV 2027,Education & Business,EdTech / Innovation,,,San Diego,United States,In-person,Major education innovation and technology summit listed for April 2027.,Speaker/application model rather than conventional academic CFP.,,Pricing pending.,"Panels, keynotes, startup/innovation programming and networking.",To be announced.,Curated program.,Major EdTech and investment sponsors typically participate; 2027 list pending.,"San Diego, California",Hotel/travel details pending.,ASU + GSV,https://impactconvene.com/conferences/,Discovery index,Month/year and city listed; exact dates pending.
AVPN Global Conference 2027,AVPN 2027,Social Impact,Philanthropy / Impact Investing,,,,,In-person,Asia-focused social investment and philanthropy conference listed for April 2027.,Program participation details pending.,,Pricing pending.,"Impact-investing, philanthropy and social-finance sessions.",To be announced.,Curated by AVPN.,Sponsors pending.,TBD,TBD,AVPN,https://impactconvene.com/conferences/,Discovery index,Event listed for Apr 2027; city not captured.
AWS re:Invent 2026,AWS re:Invent,Technology,Cloud Computing & AI,2026-11-30,2026-12-04,Las Vegas,United States,In-person,"AWS flagship cloud and AI conference with 2,200+ sessions, 3,000+ speakers, workshops, architecture deep-dives, Expo and hands-on learning.",Content is curated through AWS speaker/session processes; no general academic CFP.,,"Full conference pass: US$2,499. Bulk purchase: 10% discount when purchasing 10 or more tickets in one transaction. Early-bird pricing ended 25 Aug 2026.","Mon 30 Nov: sessions across venues, self-paced learning 8:00 AM–5:30 PM, community spaces, Expo welcome reception 4:00–7:00 PM. Tue 1 Dec: badge pickup 6:30 AM–8:00 PM; Opening Keynote 8:30–10:30 AM; Expo 10:00 AM–6:00 PM. 2,200+ total sessions across five days.","Matt Garman — CEO, AWS — Opening Keynote on 1 Dec 2026. Additional 2026 keynote announcements are still pending on the official keynote page.","AWS event content is curated by AWS event, engineering and content teams; a public academic-style technical committee is not listed.",Emerald sponsors: Accenture; Anthropic; Capgemini; Datadog; Deloitte; IBM; MongoDB; NVIDIA; OpenAI. Expo includes 420+ sponsors and booths.,"Multi-venue Las Vegas campus including The Venetian, Caesars Forum, Caesars Palace, Encore, MGM Grand and Wynn.",Official re:Invent hotel inventory is managed through the AWS registration portal; specific rates vary by property and availability.,Amazon Web Services (AWS),https://aws.amazon.com/events/reinvent/ ; https://aws.amazon.com/events/reinvent/pricing/ ; https://aws.amazon.com/events/reinvent/agenda/,OFFICIAL VERIFIED,"Official AWS pricing, agenda, keynote and sponsor pages checked."
"BANGKOK 13th International Conference on Education, Humanities & Social Sciences",BEHS2-27,Education & Social Sciences,"Education, Humanities & Social Sciences",2027-03-22,2027-03-24,Bangkok,Thailand,In-person,"International conference focused on education, humanities & social sciences.",Call for papers / abstract submissions published.,2027-03-01,Not yet announced as of 10 Sep 2026,Not yet announced as of 10 Sep 2026,Not yet announced as of 10 Sep 2026,Not yet announced as of 10 Sep 2026,Not yet announced as of 10 Sep 2026,"Bangkok, Thailand",Not yet announced as of 10 Sep 2026,Not yet announced as of 10 Sep 2026,https://www.iconf.com/conference/BEHS2-27_9722,DISCOVERY VERIFIED,"Actual conference name/date/location/deadline taken from the cited published source. Unpublished fields are explicitly marked, not redirected."
Biosensors 2027: 37th Anniversary World Congress on Biosensors,Biosensors 2027,Science & Health,Biosensors,2027-05-18,2027-05-20,Kyoto,Japan,In-person,"Premier global biosensors congress featuring plenary presentations, selected oral talks, poster sessions and two optional summer schools.",Call for papers / abstract submissions published.,2026-11-13,Authors / academic delegates US$685; industry delegates US$785; students US$455; summer schools US$170; multiple-paper fee US$50; conference dinner US$90.,Three-day event with daily plenary presentations followed by parallel refereed paper sessions; selected oral contributions may be extended keynote presentations; two optional summer schools immediately before the Congress.,Amy Shen — Okinawa Institute of Science and Technology Graduate University; Kazunori Ikebukuro — Tokyo University of Agriculture and Technology.,Not yet announced as of 10 Sep 2026,Organised and sponsored by Elsevier / Biosensors & Bioelectronics.,"Kyoto, Japan",Not yet announced as of 10 Sep 2026,Elsevier / Biosensors & Bioelectronics,https://www.elsevier.com/events/conferences/all/anniversary-world-congress-on-biosensors,OFFICIAL VERIFIED,"Actual conference name/date/location/deadline taken from the cited published source. Unpublished fields are explicitly marked, not redirected."
Black Hat Asia 2027,Black Hat Asia,Cybersecurity,Information Security,2027-02-28,2027-03-03,Singapore,Singapore,In-person,"Black Hat Asia cybersecurity conference with Summits, Trainings and Briefings at Marina Bay Sands.",Call for Briefings opened 4 Sep 2026 and closes 20 Oct 2026 at 23:59 Singapore Time; notifications by 5 Jan 2027. Call for Summit Sessions opened 31 Aug 2026 and closes 12 Oct 2026.,2026-10-20,Not yet announced as of 10 Sep 2026,"Summit: 1 Mar 2027. Briefings: 2–3 Mar 2027. Full event window: 28 Feb–3 Mar 2027, including trainings/summits/briefings.",Not yet announced as of 10 Sep 2026,Black Hat Briefings are independently selected through the Black Hat review process; 2027 Review Board names not yet announced.,Not yet announced as of 10 Sep 2026,"Marina Bay Sands, Singapore",Official 2027 hotel information not yet published.,Black Hat,https://blackhat.com/upcoming.html ; https://blackhat.com/call-for-papers.html ; https://blackhat.com/html/call-for-sessions.html,OFFICIAL VERIFIED,Official Black Hat pages checked.
Black Hat Europe 2026,Black Hat Europe,Cybersecurity,Information Security,2026-12-07,2026-12-10,London,United Kingdom,In-person,Major European cybersecurity conference and training event.,Not yet announced as of 10 Sep 2026,,Not yet announced as of 10 Sep 2026,"Trainings, briefings, Arsenal/tools, expo and networking.",Not yet announced as of 10 Sep 2026,Not yet announced as of 10 Sep 2026,Not yet announced as of 10 Sep 2026,ExCeL London,Official travel/hotel links on event site.,Black Hat,https://blackhat.com/upcoming.html,Official confirmed,Dates/venue confirmed.
Black Hat India 2026,Black Hat India,Cybersecurity,Information Security,2026-10-27,2026-10-30,Bengaluru,India,In-person,Black Hat cybersecurity event serving the Indian security community.,Not yet announced as of 10 Sep 2026,,Not yet announced as of 10 Sep 2026,"Security trainings, briefings and industry program.",Not yet announced as of 10 Sep 2026,Not yet announced as of 10 Sep 2026,Not yet announced as of 10 Sep 2026,"Sheraton Grand, Bengaluru",Not yet announced as of 10 Sep 2026,Black Hat,https://blackhat.com/upcoming.html,Official confirmed,Dates/venue confirmed.
Black Hat Middle East & Africa 2026,Black Hat MEA,Cybersecurity,Information Security,2026-12-01,2026-12-03,Riyadh,Saudi Arabia,In-person,Large regional cybersecurity conference and exhibition.,Not yet announced as of 10 Sep 2026,,Not yet announced as of 10 Sep 2026,"Technical sessions, cybersecurity content, exhibition and networking.",Not yet announced as of 10 Sep 2026,Not yet announced as of 10 Sep 2026,Not yet announced as of 10 Sep 2026,"Riyadh Exhibition & Convention Center, Malham",Not yet announced as of 10 Sep 2026,Black Hat MEA,https://blackhat.com/upcoming.html,Official confirmed,Dates/venue confirmed.
Black Hat USA 2027,Black Hat USA,Cybersecurity,Information Security,2027-07-31,2027-08-05,Las Vegas,United States,In-person,"Flagship Black Hat cybersecurity conference in Las Vegas, combining trainings, security research Briefings, Arsenal, Business Hall and community programming.",2027 Call for Briefings dates not yet announced on the official CFP page.,,Not yet announced as of 10 Sep 2026,Event runs 31 Jul–5 Aug 2027; detailed training/briefing/Arsenal schedule not yet announced.,Not yet announced as of 10 Sep 2026,Black Hat Briefings are independently selected by Black Hat's Review Board; 2027 board names not yet announced.,Not yet announced as of 10 Sep 2026,"Mandalay Bay Convention Center, Las Vegas, Nevada, USA",Black Hat is accepting requests for 2027 hotel information; hotel blocks/rates not yet published.,Black Hat,https://blackhat.com/upcoming.html ; https://blackhat.com/call-for-papers.html,OFFICIAL VERIFIED,Official dates/venue confirmed; unpublished fields explicitly marked.
Cell Press Symposia: Advanced Models of Human Biology and Disease,Cell Press Symposium,Health & Science,Organoids / NAMs,2027-04-28,2027-04-30,Bruges,Belgium,In-person,"Symposium on advanced human biology models, organoids and new approach methodologies.",Not yet announced as of 10 Sep 2026,,Not yet announced as of 10 Sep 2026,Research talks and discussions.,Not yet announced as of 10 Sep 2026,Not yet announced as of 10 Sep 2026,Not yet announced as of 10 Sep 2026,"Bruges, Belgium",Not yet announced as of 10 Sep 2026,Cell Press,https://www.elsevier.com/events/conferences/all,Discovery verified,Date/city confirmed by Elsevier listing.
"Cell Press Symposia: Biological Function in 3D — Structure, Dynamics, and AI",Biological Function in 3D 2026,Science & Technology,Structural Biology & AI,2026-11-05,2026-11-07,Shenzhen,China,In-person,International conference focused on structural biology & ai.,Not yet announced as of 10 Sep 2026,,Not yet announced as of 10 Sep 2026,Not yet announced as of 10 Sep 2026,Not yet announced as of 10 Sep 2026,Not yet announced as of 10 Sep 2026,Not yet announced as of 10 Sep 2026,"Shenzhen, China",Not yet announced as of 10 Sep 2026,Cell Press / Elsevier,https://www.elsevier.com/en-au/events/conferences/all,DISCOVERY VERIFIED,"Actual conference name/date/location/deadline taken from the cited published source. Unpublished fields are explicitly marked, not redirected."
Cell Press Symposia: Drugging the Undruggable,Drugging the Undruggable 2027,Health & Science,Drug Discovery,2027-07-12,2027-07-14,Oxford,United Kingdom,In-person,International conference focused on drug discovery.,Not yet announced as of 10 Sep 2026,,Not yet announced as of 10 Sep 2026,Not yet announced as of 10 Sep 2026,Not yet announced as of 10 Sep 2026,Not yet announced as of 10 Sep 2026,Not yet announced as of 10 Sep 2026,"Oxford, United Kingdom",Not yet announced as of 10 Sep 2026,Cell Press / Elsevier,https://www.elsevier.com/events/conferences/all,DISCOVERY VERIFIED,"Actual conference name/date/location/deadline taken from the cited published source. Unpublished fields are explicitly marked, not redirected."
Cell Press Symposia: Functional RNAs,Functional RNAs 2027,Science & Health,RNA Biology,2027-10-25,2027-10-27,Geneva,Switzerland,In-person,International conference focused on rna biology.,Not yet announced as of 10 Sep 2026,,Not yet announced as of 10 Sep 2026,Not yet announced as of 10 Sep 2026,Not yet announced as of 10 Sep 2026,Not yet announced as of 10 Sep 2026,Not yet announced as of 10 Sep 2026,"Geneva, Switzerland",Not yet announced as of 10 Sep 2026,Cell Press / Elsevier,https://www.elsevier.com/events/conferences/all,DISCOVERY VERIFIED,"Actual conference name/date/location/deadline taken from the cited published source. Unpublished fields are explicitly marked, not redirected."
Cell Press Symposia: Hallmarks of Aging,Hallmarks of Aging 2026,Health & Science,Aging Biology,2026-10-04,2026-10-06,Seville,Spain,In-person,International conference focused on aging biology.,Not yet announced as of 10 Sep 2026,,Not yet announced as of 10 Sep 2026,Not yet announced as of 10 Sep 2026,Not yet announced as of 10 Sep 2026,Not yet announced as of 10 Sep 2026,Not yet announced as of 10 Sep 2026,"Seville, Spain",Not yet announced as of 10 Sep 2026,Cell Press / Elsevier,https://www.elsevier.com/en-gb/events/conferences/all,DISCOVERY VERIFIED,"Actual conference name/date/location/deadline taken from the cited published source. Unpublished fields are explicitly marked, not redirected."
Cell Press Symposia: Neuro-immune Axis — Charting the Periphery,Neuro-immune Axis 2027,Health & Science,Neuroimmunology,2027-09-13,2027-09-15,New York,United States,In-person,International conference focused on neuroimmunology.,Not yet announced as of 10 Sep 2026,,Not yet announced as of 10 Sep 2026,Not yet announced as of 10 Sep 2026,Not yet announced as of 10 Sep 2026,Not yet announced as of 10 Sep 2026,In partnership with the Allen Discovery Center for Neuroimmune Interactions and Allen Institute.,"New York, United States",Not yet announced as of 10 Sep 2026,Cell Press / Elsevier,https://www.elsevier.com/events/conferences/all,DISCOVERY VERIFIED,"Actual conference name/date/location/deadline taken from the cited published source. Unpublished fields are explicitly marked, not redirected."
Cell Press Symposia: Neurometabolism in Health and Disease,Cell Press Symposium,Health & Science,Neuroscience / Metabolism,2027-04-26,2027-04-28,Singapore,Singapore,In-person,Symposium on neurometabolism and its roles in health and disease.,Not yet announced as of 10 Sep 2026,,Not yet announced as of 10 Sep 2026,Research talks and discussions.,Not yet announced as of 10 Sep 2026,Not yet announced as of 10 Sep 2026,Not yet announced as of 10 Sep 2026,Singapore,Not yet announced as of 10 Sep 2026,Cell Press,https://www.elsevier.com/events/conferences/all,Discovery verified,Date/city confirmed by Elsevier listing.
Cell Press Symposia: Next-generation Cell Biology,Cell Press Symposium,Science,Cell Biology / Imaging / AI,2027-05-19,2027-05-21,Beijing,China,In-person,"Symposium on advanced imaging, AI and cellular engineering in next-generation cell biology.",Not yet announced as of 10 Sep 2026,,Not yet announced as of 10 Sep 2026,Research talks and discussions.,Not yet announced as of 10 Sep 2026,Not yet announced as of 10 Sep 2026,In partnership with Tsinghua University and State Key Laboratory of Membrane Biology; other sponsors pending.,"Beijing, China",Not yet announced as of 10 Sep 2026,Cell Press / partners,https://www.elsevier.com/events/conferences/all,Discovery verified,Date/city confirmed by Elsevier listing.
Cell Symposia: Decoding Cellular Complexity — Single Cell Biology in the Era of AI,Single Cell AI 2026,Science & Technology,Single Cell Biology & AI,2026-12-02,2026-12-04,Munich,Germany,In-person,International conference focused on single cell biology & ai.,Not yet announced as of 10 Sep 2026,,Not yet announced as of 10 Sep 2026,Not yet announced as of 10 Sep 2026,Not yet announced as of 10 Sep 2026,Not yet announced as of 10 Sep 2026,In partnership with Helmholtz Munich.,"Munich, Germany",Not yet announced as of 10 Sep 2026,Cell Press / Elsevier,https://www.elsevier.com/events/conferences/all,DISCOVERY VERIFIED,"Actual conference name/date/location/deadline taken from the cited published source. Unpublished fields are explicitly marked, not redirected."
Cell Symposia: Taking Programmed Cell Death from Mechanisms to Interventions,Cell Death 2026,Health & Science,Cell Death & Therapeutics,2026-10-22,2026-10-24,Hangzhou,China,In-person,International conference focused on cell death & therapeutics.,Not yet announced as of 10 Sep 2026,,Not yet announced as of 10 Sep 2026,Not yet announced as of 10 Sep 2026,Not yet announced as of 10 Sep 2026,Not yet announced as of 10 Sep 2026,Not yet announced as of 10 Sep 2026,"Hangzhou, China",Not yet announced as of 10 Sep 2026,Cell Press / Elsevier,https://www.elsevier.com/en-gb/events/conferences/all,DISCOVERY VERIFIED,"Actual conference name/date/location/deadline taken from the cited published source. Unpublished fields are explicitly marked, not redirected."
Cervical Spine Research Society Annual Meeting 2027,CSRS 2027,Health & Medicine,Spine Research,2027-12-08,2027-12-11,San Diego,United States,In-person,Annual scientific meeting focused on cervical-spine research and clinical practice.,Abstract/CFP details pending.,,Pricing pending.,Clinical and research presentations.,To be announced.,CSRS program committee.,Sponsors/exhibitors pending.,"San Diego, California",TBD,Cervical Spine Research Society,https://uia.org/icco/search/%24freesearch%3DTorun?freesearch=&page=53,Discovery verified,Dates/city from UIA.
2027 Civil Engineering and Architecture Conference,CEAC 2027,Engineering,Civil Engineering & Architecture,2027-03-12,2027-03-15,Hanoi,Vietnam,In-person,International conference focused on civil engineering & architecture.,Call for papers / abstract submissions published.,2026-10-20,Not yet announced as of 10 Sep 2026,Not yet announced as of 10 Sep 2026,Not yet announced as of 10 Sep 2026,Not yet announced as of 10 Sep 2026,Not yet announced as of 10 Sep 2026,"Hanoi, Vietnam",Not yet announced as of 10 Sep 2026,Not yet announced as of 10 Sep 2026,https://www.iconf.com/news/1195,DISCOVERY VERIFIED,"Actual conference name/date/location/deadline taken from the cited published source. Unpublished fields are explicitly marked, not redirected."
CUGH Annual Conference 2027,CUGH 2027,Health & Education,Global Health,,,TBD,United States,In-person,Consortium of Universities for Global Health annual conference listed for April 2027.,Academic abstracts/CFP expected.,,Pricing pending.,"Global-health research, policy and education sessions.",To be announced.,CUGH scientific/program committee.,Sponsors pending.,"TBD, USA",TBD,Consortium of Universities for Global Health,https://impactconvene.com/conferences/,Discovery index,Month/year/country known; exact venue pending.
CVPR 2027,CVPR 2027,Technology,Computer Vision & AI,2027-06-20,2027-06-25,Seattle,United States,In-person,"IEEE/CVF Computer Vision and Pattern Recognition Conference; premier annual computer-vision event with main conference, co-located workshops and short courses.",Paper registration deadline 10 Nov 2026 AOE; submission deadline 16 Nov 2026 AOE; supplementary material deadline 23 Nov 2026 AOE; final decisions 25 Feb 2027.,2026-11-16,Not yet announced as of 10 Sep 2026,Main technical conference plus co-located workshops and short courses; detailed day-by-day 2027 agenda not yet announced.,Not yet announced as of 10 Sep 2026,Not yet announced as of 10 Sep 2026,Not yet announced as of 10 Sep 2026,"Seattle, Washington, USA; specific venue not yet announced on the official 2027 landing page.",Official lodging details not yet announced.,IEEE Computer Society / Computer Vision Foundation (CVF),https://cvpr.thecvf.com/ ; https://cvpr.thecvf.com/Conferences/2027/CallForPapers,OFFICIAL VERIFIED,"Official CVPR 2027 page/CFP checked. 2027 organizers, speakers, sponsor roster and prices are not yet public."
Desalination Science and Technology 2027,DST 2027,Water & Sustainability,Desalination,2027-11-14,2027-11-18,Shanghai,China,In-person,International conference focused on desalination.,Not yet announced as of 10 Sep 2026,,Not yet announced as of 10 Sep 2026,Not yet announced as of 10 Sep 2026,Not yet announced as of 10 Sep 2026,Not yet announced as of 10 Sep 2026,Not yet announced as of 10 Sep 2026,"Shanghai, China",Not yet announced as of 10 Sep 2026,Elsevier conference portfolio,https://www.elsevier.com/events/conferences/all,DISCOVERY VERIFIED,"Actual conference name/date/location/deadline taken from the cited published source. Unpublished fields are explicitly marked, not redirected."
"Dubai International Conference on Teaching, Education & Learning",Dubai ICTEL 2027,Education,"Teaching, Education & Learning",2027-02-16,2027-02-17,Dubai,United Arab Emirates,In-person,"International conference focused on teaching, education & learning.",Call for papers / abstract submissions published.,2027-02-14,Not yet announced as of 10 Sep 2026,"Keynote and plenary talks, technical sessions, poster presentations, networking and collaborative research activities.",Not yet announced as of 10 Sep 2026,Not yet announced as of 10 Sep 2026,Not yet announced as of 10 Sep 2026,"Flora Creek, Deira, Dubai, UAE",Not yet announced as of 10 Sep 2026,Teaching & Education Research Association (TERA),https://www.iconf.com/conference/DubaiInternationalConferenceonTeaching%2CEducation%26Learning_9561,DISCOVERY VERIFIED,"Actual conference name/date/location/deadline taken from the cited published source. Unpublished fields are explicitly marked, not redirected."
Ecosperity Week 2027,Ecosperity 2027,Sustainability & Business,Climate / Sustainable Finance,,,Singapore,Singapore,In-person,High-level sustainability and climate/business gathering listed for May 2027.,Curated participation; not primarily academic CFP.,,Pricing/invitation details pending.,"Leadership dialogues, climate/sustainability sessions and networking.",To be announced.,Curated program.,Sponsors/partners pending.,Singapore,TBD,Temasek ecosystem / organizers,https://impactconvene.com/conferences/,Discovery index,Month/year and city confirmed by index.
EDUCAUSE Annual Conference 2026,EDUCAUSE 2026,Education,Higher Education Technology,2026-09-29,2026-10-02,Denver,United States,Hybrid,Large higher-education IT conference for technology leaders and professionals.,Presenter/speaker opportunities offered through EDUCAUSE calls.,,Not yet announced as of 10 Sep 2026,"Higher-ed IT strategy, cybersecurity, infrastructure, digital learning and leadership sessions.",Featured speakers published by EDUCAUSE.,Program committees and EDUCAUSE staff curate content.,Exhibit and sponsor program available.,"Denver, Colorado",Official conference housing/travel options provided.,EDUCAUSE,https://events.educause.edu/annual-conference/2026,Official confirmed,Event format includes Denver + online.
EDUCAUSE Annual Conference 2027,EDUCAUSE 2027,Education,Higher Education Technology,2027-10-18,2027-10-21,Orlando,United States,Hybrid,EDUCAUSE Annual Conference for higher-education IT professionals and technology providers; Orlando in-person event with online participation.,Not yet announced as of 10 Sep 2026,,Not yet announced as of 10 Sep 2026,"Higher-ed IT programming typically spans cybersecurity/privacy, data/analytics, enterprise IT, emerging technology, transformation, leadership, research computing, student experience and teaching/learning. 2027 detailed program not yet announced.",Not yet announced as of 10 Sep 2026,Not yet announced as of 10 Sep 2026,Not yet announced as of 10 Sep 2026,"Orlando, Florida, USA; exact convention facility not yet announced in the official 3-year calendar.",Not yet announced as of 10 Sep 2026,EDUCAUSE,https://events.educause.edu/3-year-event-calendar,OFFICIAL VERIFIED,Official 2027 dates/city confirmed; detailed 2027 commercial and program information not yet published.
EduCon London – International Conference on Education,EduCon London 2027,Education,"Teaching, Education & Learning",2027-04-26,2027-04-27,London,United Kingdom,In-person,"International conference focused on teaching, education & learning.",Call for papers / abstract submissions published.,2027-04-24,Not yet announced as of 10 Sep 2026,"Day 1: opening ceremony, keynote address, technical sessions and poster presentations; Day 2: research collaboration and academic discussions.",Not yet announced as of 10 Sep 2026,Not yet announced as of 10 Sep 2026,Not yet announced as of 10 Sep 2026,"The Tomlinson Centre, London, United Kingdom",Not yet announced as of 10 Sep 2026,Teaching & Education Research Association (TERA),https://www.iconf.com/conference/EduConLondon%E2%80%93InternationalConferenceonEducation_9568,DISCOVERY VERIFIED,"Actual conference name/date/location/deadline taken from the cited published source. Unpublished fields are explicitly marked, not redirected."
EduCon Tokyo – International Conference on Education,EduCon Tokyo 2027,Education,"Teaching, Education & Learning",2027-04-13,2027-04-14,Tokyo,Japan,In-person,"International conference focused on teaching, education & learning.",Call for papers / abstract submissions published.,2027-04-11,Not yet announced as of 10 Sep 2026,"Day 1: opening ceremony, keynote address, interactive activities and technical presentations; Day 2: technical sessions and collaborative academic discussions.",Not yet announced as of 10 Sep 2026,Not yet announced as of 10 Sep 2026,Not yet announced as of 10 Sep 2026,"TKP Ichigaya Building, Tokyo, Japan",Not yet announced as of 10 Sep 2026,Teaching & Education Research Association (TERA),https://www.iconf.com/conference/EduConTokyo%E2%80%93InternationalConferenceonEducation_9575,DISCOVERY VERIFIED,"Actual conference name/date/location/deadline taken from the cited published source. Unpublished fields are explicitly marked, not redirected."
EPIDEMICS 11: 11th International Conference on Infectious Disease Dynamics,EPIDEMICS 11,Health & Science,Infectious Disease Dynamics,2027-12-05,2027-12-08,Singapore,Singapore,In-person,International conference focused on infectious disease dynamics.,Not yet announced as of 10 Sep 2026,,Not yet announced as of 10 Sep 2026,Not yet announced as of 10 Sep 2026,Not yet announced as of 10 Sep 2026,Not yet announced as of 10 Sep 2026,Not yet announced as of 10 Sep 2026,"Singapore Expo, Singapore",Not yet announced as of 10 Sep 2026,Elsevier conference portfolio,https://www.elsevier.com/events/conferences/all,DISCOVERY VERIFIED,"Actual conference name/date/location/deadline taken from the cited published source. Unpublished fields are explicitly marked, not redirected."
Food Structure & Functionality Symposium,FSFS 2026,Food & Science,Food Structure & Functionality,2026-10-18,2026-10-21,Grado,Italy,In-person,International conference focused on food structure & functionality.,Not yet announced as of 10 Sep 2026,,Not yet announced as of 10 Sep 2026,Not yet announced as of 10 Sep 2026,Not yet announced as of 10 Sep 2026,Not yet announced as of 10 Sep 2026,Not yet announced as of 10 Sep 2026,"Palazzo Regionale dei Congressi, Grado, Italy",Not yet announced as of 10 Sep 2026,Elsevier conference portfolio,https://www.elsevier.com/en-gb/events/conferences/all,DISCOVERY VERIFIED,"Actual conference name/date/location/deadline taken from the cited published source. Unpublished fields are explicitly marked, not redirected."
Foro Latinoamericano de Inversión de Impacto 2027,FLII 2027,Finance & Social Impact,Impact Investing,,,Mérida,Mexico,In-person,Latin American impact-investing forum listed for February 2027.,Speaker/participation routes pending.,,Pricing pending.,"Impact investment, entrepreneurship and finance programming.",To be announced.,Curated program.,Sponsors pending.,"Mérida, Mexico",TBD,FLII organizers,https://impactconvene.com/conferences/,Discovery index,Month/year and city from index.
Future Foods Congress 2027,FUTF2027,Food & Sustainability,Future Food Systems,2027-09-27,2027-09-29,Kyoto,Japan,In-person,Conference on shaping future food systems through sustainability and digital innovation.,Not yet announced as of 10 Sep 2026,,Not yet announced as of 10 Sep 2026,Not yet announced as of 10 Sep 2026,Not yet announced as of 10 Sep 2026,Not yet announced as of 10 Sep 2026,Not yet announced as of 10 Sep 2026,"Kyoto, Japan",Not yet announced as of 10 Sep 2026,Elsevier conference portfolio,https://www.elsevier.com/events/conferences/all,DISCOVERY VERIFIED,"Actual conference name/date/location/deadline taken from the cited published source. Unpublished fields are explicitly marked, not redirected."
Global Emergency Nursing Conference 2027,GENC 2027,Health & Medicine,Emergency Nursing,2027-10-21,2027-10-23,Rotterdam,Netherlands,In-person,International conference focused on emergency nursing.,Not yet announced as of 10 Sep 2026,,Not yet announced as of 10 Sep 2026,Not yet announced as of 10 Sep 2026,Not yet announced as of 10 Sep 2026,Not yet announced as of 10 Sep 2026,Not yet announced as of 10 Sep 2026,"Rotterdam, Netherlands",Not yet announced as of 10 Sep 2026,Elsevier and Emergency Nurses Association (ENA),https://www.elsevier.com/en-gb/events/conferences/all,DISCOVERY VERIFIED,"Actual conference name/date/location/deadline taken from the cited published source. Unpublished fields are explicitly marked, not redirected."
HIMSS Global Health Conference & Exhibition 2027,HIMSS27,Health & Technology,Digital Health,2027-04-05,2027-04-08,Chicago,United States,In-person,Global digital-health and health-information conference and exhibition in Chicago.,"General Education Session proposal deadline was 30 Jun 2026. Proposals are peer reviewed and selected by members of the HIMSS Global Health Education Committee. Accepted-speaker milestones include first draft 9 Nov 2026, final materials 7 Dec 2026 and recordings Feb–Mar 2027.",2026-06-30,Not yet announced as of 10 Sep 2026,"125+ general education sessions across multiple healthcare technology topic categories, plus exhibits and networking. Detailed 2027 schedule not yet announced.",Not yet announced as of 10 Sep 2026,HIMSS Global Health Education Committee (peer-review/selection body); individual 2027 committee member names were not yet published in the official CFP page checked.,Not yet announced as of 10 Sep 2026,"Chicago, Illinois, USA; exact convention venue not yet captured on the official CFP page.",Official housing provider listed by HIMSS: onPeak. Hotel inventory/rates not yet announced for 2027.,HIMSS,https://www.himss.org/call-for-proposals,OFFICIAL VERIFIED,Official HIMSS27 CFP checked.
Humanitarian Networks and Partnerships Weeks 2027,HNPW 2027,Humanitarian,Humanitarian Coordination,,,Geneva,Switzerland,Hybrid / in-person expected,Humanitarian networks and partnerships event listed for April 2027.,Session proposals/participation managed by HNPW organizers.,,Pricing/access details pending.,"Workshops, technical sessions and coordination meetings.",To be announced.,Humanitarian network/program committees.,Partners/sponsors pending.,"Geneva, Switzerland",TBD,HNPW / humanitarian partners,https://impactconvene.com/conferences/,Discovery index,Month/year and city from index.
2027 IAA Conference / IAA MOBILITY,IAA MOBILITY,Automotive & Mobility,Mobility technology,2027-09-07,2027-09-10,Munich,Germany,In-person,"IAA Conference is the B2B decision-maker conference within IAA Summit, focused on mobility, technology, sustainability, resilience and smart infrastructure, with around 500 speakers expected across multiple stages and forums.",Speaker applications are open through the official IAA Conference application route; this is a curated industry speaking process rather than an academic CFP.,Not yet announced as of 10 Sep 2026,"Professional visitor ticket pricing will be published in early 2027. Conference sponsorship example from the official 2027 brochure: Blue Forum full-day sponsorship €124,000 net on Tuesday or €115,000 net on Wednesday; exhibitors receive 10% discount on that package.","IAA Conference runs 7–10 Sep 2027 within the IAA Summit, 9:00 AM–6:00 PM (subject to change), with stages/forums covering automotive, cycling/micromobility, public transport, integrated mobility, autonomous driving/ADAS, GenAI, software-defined vehicles, robotics, connected vehicles, semiconductors, batteries, hydrogen, cybersecurity and more.",Not yet announced as of 10 Sep 2026,Curated by IAA/VDA and Messe München conference teams; named 2027 technical/program committee not publicly listed.,"Confirmed 2027 participating major brands include Amazon Web Services, AUDI, BMW, Bosch, Google, Mercedes-Benz, Porsche, Riese & Müller and Volkswagen. 2025 conference sponsors shown on the 2027 conference page include SAP and Capgemini; 2027 conference-specific sponsor roster not yet announced.","Trade Fair Center Messe München, Munich, Germany",Not yet announced as of 10 Sep 2026,VDA / IAA MOBILITY / Messe München,https://www.iaa-mobility.com/en/visitors/iaa-formats-2027/iaa-conference ; https://www.iaa-mobility.com/en/press/press-releases/iaa-mobility-2027-registration-now-open,OFFICIAL VERIFIED,Official IAA sources checked; distinction retained between confirmed exhibitors/participants and conference-specific sponsors.
ICLR 2027,ICLR 2027,Technology,Machine Learning,2027,,,,In-person / details pending,"15th International Conference on Learning Representations, covering machine learning including representation learning, reinforcement learning, optimization and applications.",Abstract deadline 18 Sep 2026 11:59 PM AOE; paper deadline 25 Sep 2026 11:59 PM AOE; reviews released 5 Nov 2026; final decisions 16 Dec 2026. Workshop applications opened 8 Sep 2026 and close 9 Oct 2026.,2026-09-25,2027 pricing page is live but numeric attendee rates are not yet populated; registration is currently closed.,"Main paper program, invited talks, posters and workshops. Detailed schedule not yet announced.",Not yet announced as of 10 Sep 2026,Workshop Co-Chairs: Nezihe Merve Gürel (TU Delft); Yuanqi Du (Microsoft Research); Chulin Xie (Google DeepMind); Antonio Vergari (University of Edinburgh). Program Chairs are referenced by the official CFP but individual names were not exposed in the page extract checked.,Not yet announced as of 10 Sep 2026,Not yet announced as of 10 Sep 2026,Official 2027 sponsor/exhibitor housing process exists; conference attendee hotel block details not yet announced.,International Conference on Learning Representations (ICLR),https://www.iclr.cc/Conferences/2027/CallForPapers ; https://iclr.cc/Conferences/2027/CallForWorkshops ; https://www.iclr.cc/Conferences/2027/Pricing,OFFICIAL VERIFIED,"Official ICLR 2027 sources checked; numeric pricing, venue, sponsors and invited speakers not yet public."
2027 IEEE 3rd International Conference on Power and Integrated Energy Systems,ICPIES 2027,Energy & Engineering,Power & Integrated Energy Systems,2027-04-16,2027-04-18,Shenzhen,China,In-person,International conference focused on power & integrated energy systems.,Call for papers / abstract submissions published.,2026-12-20,Not yet announced as of 10 Sep 2026,Not yet announced as of 10 Sep 2026,Not yet announced as of 10 Sep 2026,Not yet announced as of 10 Sep 2026,Not yet announced as of 10 Sep 2026,"Shenzhen, China",Not yet announced as of 10 Sep 2026,Not yet announced as of 10 Sep 2026,https://www.iconf.com/conference?tags=Energy+and+Resources,DISCOVERY VERIFIED,"Actual conference name/date/location/deadline taken from the cited published source. Unpublished fields are explicitly marked, not redirected."
2026 IEEE 6th International Conference on Software Engineering and Artificial Intelligence,SEAI 2026,Technology,Software Engineering & AI,2026-06-19,2026-06-21,Fuzhou,China,In-person,International conference focused on software engineering & ai.,Call for papers / abstract submissions published.,2026-01-20,Not yet announced as of 10 Sep 2026,Not yet announced as of 10 Sep 2026,Not yet announced as of 10 Sep 2026,Not yet announced as of 10 Sep 2026,Not yet announced as of 10 Sep 2026,"Fuzhou, China",Not yet announced as of 10 Sep 2026,Not yet announced as of 10 Sep 2026,https://www.iconf.com/conference?tags=Computer+Science+and+Technologies,DISCOVERY VERIFIED,"Actual conference name/date/location/deadline taken from the cited published source. Unpublished fields are explicitly marked, not redirected."
2027 IEEE International Conference on Artificial Intelligence and Generated Content,AIGC 2027,Technology,Artificial Intelligence / Generative AI,2027-08-14,2027-08-16,Melaka,Malaysia,In-person,IEEE-branded conference on artificial intelligence and generated content.,Not yet announced as of 10 Sep 2026,,Not yet announced as of 10 Sep 2026,Technical paper sessions.,Not yet announced as of 10 Sep 2026,Not yet announced as of 10 Sep 2026,Not yet announced as of 10 Sep 2026,"Melaka, Malaysia",Not yet announced as of 10 Sep 2026,IEEE / conference organizers,https://www.iconf.com/,Discovery index,Date/city from iConf; official IEEE page should be used for final enrichment.
IFT FIRST 2027,IFT FIRST,Food & Agriculture,Food Science & Innovation,2027-07-11,2027-07-14,Chicago,United States,In-person,"IFT's leading food science and innovation event bringing researchers, suppliers and decision-makers together.",Not yet announced as of 10 Sep 2026,,Not yet announced as of 10 Sep 2026,Scientific and innovation programming integrated with the expo hall; detailed 2027 program not yet announced.,Not yet announced as of 10 Sep 2026,Not yet announced as of 10 Sep 2026,Not yet announced as of 10 Sep 2026,"McCormick Place, Chicago, Illinois, USA",Not yet announced as of 10 Sep 2026,Institute of Food Technologists (IFT),https://www.ift.org/ift-first-event/,OFFICIAL VERIFIED,Official IFT FIRST 2027 save-the-date page checked.
2027 International Conference on Architecture and Environmental Research,ICAER 2027,Engineering & Environment,Architecture & Environmental Research,2027-01-08,2027-01-10,Fukuoka,Japan,In-person,International conference focused on architecture & environmental research.,Call for papers / abstract submissions published.,2026-08-15,Not yet announced as of 10 Sep 2026,Not yet announced as of 10 Sep 2026,Not yet announced as of 10 Sep 2026,Not yet announced as of 10 Sep 2026,Not yet announced as of 10 Sep 2026,"Fukuoka, Japan",Not yet announced as of 10 Sep 2026,Not yet announced as of 10 Sep 2026,https://www.iconf.com/news/1195,DISCOVERY VERIFIED,"Actual conference name/date/location/deadline taken from the cited published source. Unpublished fields are explicitly marked, not redirected."
2027 International Conference on Artificial Intelligence and Intelligent Education,AIIE 2027,Technology & Education,AI in Education,2027-10-15,2027-10-17,Guangzhou,China,In-person,International conference on artificial intelligence and intelligent education.,Not yet announced as of 10 Sep 2026,,Not yet announced as of 10 Sep 2026,Research and technical sessions.,Not yet announced as of 10 Sep 2026,Not yet announced as of 10 Sep 2026,Not yet announced as of 10 Sep 2026,"Guangzhou, China",Not yet announced as of 10 Sep 2026,Conference organizers,https://www.iconf.com/,Discovery index,Date/city from iConf.
2027 International Conference on Building Materials and Construction,ICBMC 2027,Engineering,Building Materials & Construction,2027-02-18,2027-02-21,Hong Kong,China,In-person,International conference focused on building materials & construction.,Call for papers / abstract submissions published.,2026-09-25,Not yet announced as of 10 Sep 2026,Not yet announced as of 10 Sep 2026,Not yet announced as of 10 Sep 2026,Not yet announced as of 10 Sep 2026,Not yet announced as of 10 Sep 2026,"Hong Kong, China",Not yet announced as of 10 Sep 2026,Not yet announced as of 10 Sep 2026,https://www.iconf.com/news/1195,DISCOVERY VERIFIED,"Actual conference name/date/location/deadline taken from the cited published source. Unpublished fields are explicitly marked, not redirected."
2027 International Conference on Civil and Building Materials,ICCBM 2027,Engineering,Civil & Building Materials,2027-01-23,2027-01-25,Phuket,Thailand,In-person,International conference focused on civil & building materials.,Call for papers / abstract submissions published.,2026-09-05,Not yet announced as of 10 Sep 2026,Not yet announced as of 10 Sep 2026,Not yet announced as of 10 Sep 2026,Not yet announced as of 10 Sep 2026,Not yet announced as of 10 Sep 2026,"Phuket, Thailand",Not yet announced as of 10 Sep 2026,Not yet announced as of 10 Sep 2026,https://www.iconf.com/news/1195,DISCOVERY VERIFIED,"Actual conference name/date/location/deadline taken from the cited published source. Unpublished fields are explicitly marked, not redirected."
2027 International Conference on Environmental Systems and Sustainability,ICESS 2027,Environment & Sustainability,Environmental Systems & Sustainability,2027-01-14,2027-01-16,Adelaide,Australia,In-person,International conference focused on environmental systems & sustainability.,Call for papers / abstract submissions published.,2026-08-15,Not yet announced as of 10 Sep 2026,Not yet announced as of 10 Sep 2026,Not yet announced as of 10 Sep 2026,Not yet announced as of 10 Sep 2026,Not yet announced as of 10 Sep 2026,"Adelaide, Australia",Not yet announced as of 10 Sep 2026,Not yet announced as of 10 Sep 2026,https://www.iconf.com/news/1195,DISCOVERY VERIFIED,"Actual conference name/date/location/deadline taken from the cited published source. Unpublished fields are explicitly marked, not redirected."
2027 International Conference on Green Civil Engineering,ICGCE 2027,Engineering & Sustainability,Green Civil Engineering,2027-03-26,2027-03-29,Kyoto,Japan,In-person,International conference focused on green civil engineering.,Call for papers / abstract submissions published.,2026-11-05,Not yet announced as of 10 Sep 2026,Not yet announced as of 10 Sep 2026,Not yet announced as of 10 Sep 2026,Not yet announced as of 10 Sep 2026,Not yet announced as of 10 Sep 2026,"Kyoto, Japan",Not yet announced as of 10 Sep 2026,Not yet announced as of 10 Sep 2026,https://www.iconf.com/news/1195,DISCOVERY VERIFIED,"Actual conference name/date/location/deadline taken from the cited published source. Unpublished fields are explicitly marked, not redirected."
2027 International Conference on Materials and Functional Manufacturing,ICMFM 2027,Engineering,Materials & Functional Manufacturing,2027-03-01,2027-03-04,Da Nang,Vietnam,In-person,International conference focused on materials & functional manufacturing.,Call for papers / abstract submissions published.,2026-10-20,Not yet announced as of 10 Sep 2026,Not yet announced as of 10 Sep 2026,Not yet announced as of 10 Sep 2026,Not yet announced as of 10 Sep 2026,Not yet announced as of 10 Sep 2026,"Da Nang, Vietnam",Not yet announced as of 10 Sep 2026,Not yet announced as of 10 Sep 2026,https://www.iconf.com/news/1195,DISCOVERY VERIFIED,"Actual conference name/date/location/deadline taken from the cited published source. Unpublished fields are explicitly marked, not redirected."
2027 International Conference on Mechanical Engineering and Materials,ICMEM 2027,Engineering,Mechanical Engineering & Materials,2027-03-28,2027-03-31,Osaka,Japan,In-person,International conference focused on mechanical engineering & materials.,Call for papers / abstract submissions published.,2026-11-10,Not yet announced as of 10 Sep 2026,Not yet announced as of 10 Sep 2026,Not yet announced as of 10 Sep 2026,Not yet announced as of 10 Sep 2026,Not yet announced as of 10 Sep 2026,"Osaka, Japan",Not yet announced as of 10 Sep 2026,Not yet announced as of 10 Sep 2026,https://www.iconf.com/news/1195,DISCOVERY VERIFIED,"Actual conference name/date/location/deadline taken from the cited published source. Unpublished fields are explicitly marked, not redirected."
2027 International Conference on Modern Learning and Educational Technology,ICMLET 2027,Education,Educational Technology,2027-08-08,2027-08-10,Osaka,Japan,In-person,International conference on modern learning and educational technology.,Not yet announced as of 10 Sep 2026,,Not yet announced as of 10 Sep 2026,Research presentations and education-technology sessions.,Not yet announced as of 10 Sep 2026,Not yet announced as of 10 Sep 2026,Not yet announced as of 10 Sep 2026,"Osaka, Japan",Not yet announced as of 10 Sep 2026,Conference organizers,https://www.iconf.com/,Discovery index,Date/city from iConf.
International Conference on One Health 2027,One Health 2027,Health & Science,One Health,2027-06-15,2027-06-18,Shanghai,China,In-person,"International conference integrating human, animal and environmental health.",Not yet announced as of 10 Sep 2026,,Not yet announced as of 10 Sep 2026,Scientific program across One Health themes.,Not yet announced as of 10 Sep 2026,Not yet announced as of 10 Sep 2026,Not yet announced as of 10 Sep 2026,"Shanghai, China",Not yet announced as of 10 Sep 2026,Elsevier conference portfolio / organizers,https://www.elsevier.com/events/conferences/all,Discovery verified,Date/city confirmed by Elsevier listing.
2027 International Conference on Power Systems and Control Engineering,ICPSCE 2027,Engineering,Power Systems / Control,2027-08-18,2027-08-20,Hong Kong,China,In-person,International conference on power systems and control engineering.,Not yet announced as of 10 Sep 2026,,Not yet announced as of 10 Sep 2026,Technical paper sessions.,Not yet announced as of 10 Sep 2026,Not yet announced as of 10 Sep 2026,Not yet announced as of 10 Sep 2026,Hong Kong,Not yet announced as of 10 Sep 2026,Conference organizers,https://www.iconf.com/,Discovery index,Date/city from iConf.
2027 International Conference on Robotics and Intelligent Control,ICRIC 2027,Technology & Engineering,Robotics & Intelligent Control,2027-02-17,2027-02-19,Milan,Italy,In-person,International conference focused on robotics & intelligent control.,Call for papers / abstract submissions published.,2026-09-25,Not yet announced as of 10 Sep 2026,Not yet announced as of 10 Sep 2026,Not yet announced as of 10 Sep 2026,Not yet announced as of 10 Sep 2026,Hosted by Polytechnic University of Milan.,"Milan, Italy",Not yet announced as of 10 Sep 2026,Polytechnic University of Milan / ICRIC,https://www.iconf.com/conference/ICRIC2027_9607,DISCOVERY VERIFIED,"Actual conference name/date/location/deadline taken from the cited published source. Unpublished fields are explicitly marked, not redirected."
2027 International Conference on System Safety and Security,ICSSS 2027,Engineering & Technology,Safety / Security,2027-11-03,2027-11-05,Savannah,United States,In-person,International academic conference on system safety and security.,Not yet announced as of 10 Sep 2026,,Not yet announced as of 10 Sep 2026,Technical paper sessions.,Not yet announced as of 10 Sep 2026,Not yet announced as of 10 Sep 2026,Not yet announced as of 10 Sep 2026,"Savannah, United States",Not yet announced as of 10 Sep 2026,Conference organizers,https://www.iconf.com/,Discovery index,Date/city from iConf.
International Congress: Psoriasis – from Gene to Clinic 2027,Psoriasis Congress 2027,Health & Medicine,Dermatology,2027-12-02,2027-12-04,London,United Kingdom,In-person,International congress focused on psoriasis science and clinical translation.,CFP/abstract details pending.,,Pricing pending.,Scientific and clinical sessions.,To be announced.,Scientific organizing committee.,Sponsors pending.,"London, United Kingdom",TBD,Congress organizers,https://uia.org/icco/search/%24freesearch%3DTorun?freesearch=&page=53,Discovery verified,Dates/city from UIA.
KDD 2027,ACM KDD 2027,Technology,Data Science & Knowledge Discovery,2027-08-01,2027-08-05,San Jose,United States,In-person,"ACM SIGKDD's premier Data Science and AI conference with Research, Applied Data Science, Datasets & Benchmarks and AI for Sciences tracks.",First-cycle Research Track: abstract deadline 19 Jul 2026; paper deadline 26 Jul 2026; rebuttal 29 Sep–13 Oct 2026; notification 14 Nov 2026.,2026-07-26,"Conference attendee pricing not yet announced. ACM 2027 Open Access APC subsidy: US$500 for ACM/SIG members and US$750 for non-members for authors whose institutions are not in ACM Open, subject to ACM rules.","Five-day conference, 1–5 Aug 2027, with Research, Applied Data Science, Datasets & Benchmarks and AI for Sciences tracks; detailed agenda not yet announced.",Not yet announced as of 10 Sep 2026,Research Track Program Committee Co-Chairs: James Caverlee (Texas A&M University); Jingrui He (University of Illinois Urbana-Champaign); Xiangliang Zhang (University of Notre Dame). Datasets & Benchmarks Co-Chairs: Yan Liu (USC); Sayan Ranu (IIT Delhi); Evgeniy Gabrilovich (Microsoft).,Not yet announced as of 10 Sep 2026,"San Jose McEnery Convention Center, San Jose, California, USA",Not yet announced as of 10 Sep 2026,ACM SIGKDD,https://kdd2027.kdd.org/ ; https://kdd2027.kdd.org/research-track-call-for-papers/,OFFICIAL VERIFIED,Official KDD27 pages checked.
London Climate Action Week 2027,LCAW 2027,Sustainability,Climate Action,,,London,United Kingdom,Distributed city-wide events,Climate action week listed for June 2027.,Individual event participation varies.,,Many events free/invitation-based; specific pricing varies.,"Distributed program of climate, finance, policy and innovation events.",Multiple speakers across partner events; pending.,Decentralized partner-led programs.,Multiple institutional/corporate partners.,Multiple London venues,Accommodation independently booked; event-specific guidance varies.,LCAW organizers / partners,https://impactconvene.com/conferences/,Discovery index,Month/year and city known; exact program pending.
"Melbourne International Conference on Teaching, Education & Learning",Melbourne ICTEL 2027,Education,"Teaching, Education & Learning",2027-03-24,2027-03-25,Melbourne,Australia,In-person,"International conference focused on teaching, education & learning.",Call for papers / abstract submissions published.,2027-03-22,Not yet announced as of 10 Sep 2026,"Keynote and plenary talks, technical sessions, poster presentations and collaborative academic activities.",Not yet announced as of 10 Sep 2026,Not yet announced as of 10 Sep 2026,Not yet announced as of 10 Sep 2026,"Rendezvous Hotel Melbourne, Flinders Street, Melbourne",Not yet announced as of 10 Sep 2026,Teaching & Education Research Association (TERA),https://www.iconf.com/conference/MelbourneInternationalConferenceonTeaching%2CEducation%26Learning_9559,DISCOVERY VERIFIED,"Actual conference name/date/location/deadline taken from the cited published source. Unpublished fields are explicitly marked, not redirected."
Nonprofit Technology Conference 2027,NTC 2027,Technology & Social Impact,Nonprofit Technology,,,Portland,United States,In-person,Nonprofit technology conference listed for March 2027.,Session proposals typically accepted by organizer; 2027 specifics pending.,,Pricing pending.,"Technology strategy, digital engagement, data and nonprofit operations.",To be announced.,NTEN program review/community process.,Sponsors pending.,"Portland, Oregon",TBD,NTEN,https://impactconvene.com/conferences/,Discovery index,Month/year and city from index.
Pangborn 2027: 17th Pangborn Sensory Science Symposium,Pangborn 2027,Food & Science,Sensory Science,2027-06-27,2027-07-01,Mérida,Mexico,In-person,"Major sensory science symposium covering food, consumer and sensory research.",Not yet announced as of 10 Sep 2026,,Not yet announced as of 10 Sep 2026,"Scientific talks, posters and sensory-science program.",Not yet announced as of 10 Sep 2026,Not yet announced as of 10 Sep 2026,Not yet announced as of 10 Sep 2026,"Mérida, Mexico",Not yet announced as of 10 Sep 2026,Elsevier conference portfolio / organizers,https://www.elsevier.com/events/conferences/all,Discovery verified,Date/city confirmed by Elsevier listing.
Philanthropy Asia Summit 2027,PAS 2027,Social Impact,Philanthropy,,,Singapore,Singapore,In-person,Philanthropy-focused summit listed for May 2027.,Curated speaker/event participation.,,Pricing/invitation details pending.,"Leadership dialogues, philanthropy, blended finance and impact sessions.",To be announced.,Curated program.,Partners/sponsors pending.,Singapore,TBD,Philanthropy Asia Alliance / partners,https://impactconvene.com/conferences/,Discovery index,Month/year and city from index.
Prince Mahidol Award Conference 2027,PMAC 2027,Health & Policy,Global Health,2027-01,,Bangkok,Thailand,In-person,High-level global health policy conference listed for January 2027.,Participation/submission model varies by PMAC program.,,Pricing pending.,"Policy dialogues, plenaries and global-health sessions.",To be announced.,International organizing/program committee.,Institutional partners/sponsors pending.,"Bangkok, Thailand",TBD,PMAC organizers,https://impactconvene.com/conferences/,Discovery index,Month/year and city from index.
RSA Conference 2027,RSAC 2027,Cybersecurity,Information Security,2027-04-05,2027-04-08,San Francisco,United States,In-person,"Major global cybersecurity conference with expert-led sessions, emerging research and large North/South Expo spaces.","Call for Submissions opens 15 Sep 2026. Speakers are selected by the independent RSA Conference Program Committee, composed of volunteer judges from enterprise, government, academia and vendor communities.",Not yet announced as of 10 Sep 2026,Registration opens Oct 2026. People registering interest before opening receive US$100 off the top-tier pass. Full 2027 pass prices not yet announced.,"Keynotes, expert-led track sessions, emerging research, innovation programming, North Expo and South Expo; detailed 2027 agenda not yet announced.",Not yet announced as of 10 Sep 2026,"RSA Conference Program Committee — independent volunteer judges from enterprise, government, academic and vendor communities; individual 2027 member names not yet announced.",Not yet announced as of 10 Sep 2026,"Moscone Center and Yerba Buena Center for the Arts, San Francisco, California, USA",Not yet announced as of 10 Sep 2026,RSA Conference,https://www.rsaconference.com/usa ; https://www.rsaconference.com/about/faq ; https://www.rsaconference.com/about/sponsorship-opportunities,OFFICIAL VERIFIED,Official RSAC27 pages checked.
RSNA Annual Meeting 2026,RSNA 2026,Health & Medicine,Radiology & Medical Imaging,2026-11-29,2026-12-03,Chicago,United States,In-person + virtual,"RSNA 112th Scientific Assembly and Annual Meeting, themed “At the Center of Care,” with scientific, education and technical-exhibit programming.",2026 abstract submission cycle has been managed through RSNA; current submission deadline not captured in the official pages checked.,,"Members: Full Access member US$0; Standard member US$500; Basic member US$1,215 in-person & virtual / US$500 virtual. Select categories: Associate US$500; First Year in Practice US$250; trainee/student US$100; discount-eligible-country member US$610 in-person+virtual / US$250 virtual. Non-member Physician/Physicist/Scientist: US$2,425 in-person+virtual, US$1,405 in-person only, US$1,020 virtual, US$630 exhibits-only. Rates rise US$100 on 2 Oct for applicable categories.",Educational courses and scientific sessions across radiology subspecialties; six live-streamed plenary sessions; Technical Exhibits 29 Nov–2 Dec; Annual Meeting 29 Nov–3 Dec 2026.,"Jeffrey S. Klein, MD — President’s Address; Jonathan S. Lewin, MD — Opening Plenary; Gwendolyn M. Bryant-Smith, MD — Monday plenary; Mark P. Bernstein, MD — plenary on mass-casualty incidents; Janice M. Newsome, MD — plenary on humanism, equity and AI in interventional radiology.",Not yet announced as of 10 Sep 2026,Not yet announced as of 10 Sep 2026,"McCormick Place, Chicago, Illinois, USA",RSNA official hotel program offers up to 30% off participating Chicago hotels. Official partners include Maritz for registration and onPeak for housing-related services.,Radiological Society of North America (RSNA),https://www.rsna.org/annual-meeting ; https://www.rsna.org/annual-meeting/attendee-resources/pricing-and-registration,OFFICIAL VERIFIED,Official RSNA 2026 pricing and plenary pages checked.
RSNA Annual Meeting 2027,RSNA 2027,Health & Medicine,Radiology & Medical Imaging,2027-11-14,2027-11-18,Chicago,United States,In-person + virtual expected,RSNA's 2027 Scientific Assembly and Annual Meeting in Chicago.,Not yet announced as of 10 Sep 2026,,Not yet announced as of 10 Sep 2026,Annual Meeting 14–18 Nov 2027; Technical Exhibits through 17 Nov. Detailed scientific program not yet announced.,Not yet announced as of 10 Sep 2026,Not yet announced as of 10 Sep 2026,Not yet announced as of 10 Sep 2026,"McCormick Place, Chicago, Illinois, USA",RSNA housing details for 2027 not yet announced.,Radiological Society of North America (RSNA),https://www.rsna.org/annual-meeting/future-and-past-meetings,OFFICIAL VERIFIED,Official future-meetings source checked; most 2027 program/commercial details pending.
São Paulo Climate Week 2027,SP Climate Week,Sustainability,Climate Action,,,São Paulo,Brazil,Distributed city-wide events,Climate week listed for August 2027.,Event-specific participation.,,Pricing varies by partner event.,"Climate policy, finance, business and community events.",Multiple speakers; pending.,Partner-led.,Multiple partners; pending.,Multiple São Paulo venues,Independent accommodation.,Local climate-week organizers / partners,https://impactconvene.com/conferences/,Discovery index,Month/year and city from index.
Sankalp Global Summit 2026,Sankalp 2026,Social Impact & Business,Impact Entrepreneurship,,,Mumbai,India,In-person,Global summit on impact entrepreneurship and investing listed for November 2026.,Startup/speaker participation routes vary.,,Pricing pending.,"Impact business, entrepreneurship, investing and networking.",Not yet announced as of 10 Sep 2026,Curated program.,Sponsors/partners listed by organizer.,"Mumbai, India",TBD,Sankalp / Intellecap ecosystem,https://impactconvene.com/conferences/,Discovery index,Month/year/city from index.
SF Climate Week 2027,SF Climate Week,Sustainability,Climate Action,,,San Francisco,United States,Distributed city-wide events,San Francisco climate week listed for April 2027.,Event-specific participation.,,Pricing varies; many partner events may be free/invite-only.,"Climate technology, finance, policy and community programming.",Multiple speakers; pending.,Partner-led.,Multiple partners; pending.,Multiple San Francisco venues,Independent accommodation.,SF Climate Week organizers / partners,https://impactconvene.com/conferences/,Discovery index,Month/year and city from index.
SIGGRAPH 2027,SIGGRAPH 2027,Technology & Creative,Computer Graphics & Interactive Techniques,2027-08-08,2027-08-12,Anaheim,United States,In-person,ACM SIGGRAPH's premier conference and exhibition on computer graphics and interactive techniques.,Not yet announced as of 10 Sep 2026,,Not yet announced as of 10 Sep 2026,Technical and creative conference/exhibition programming; detailed 2027 program not yet announced.,Not yet announced as of 10 Sep 2026,Conference Chair: Kristy Pron. Papers Chair selection: Tamy Boubekeur was approved/advanced through ACM SIGGRAPH leadership process for SIGGRAPH 2027.,Not yet announced as of 10 Sep 2026,"Anaheim, California, USA; exact convention venue not yet announced on the official SIGGRAPH conference listing.",Not yet announced as of 10 Sep 2026,ACM SIGGRAPH,https://www.siggraph.org/siggraph-events/conferences/ ; https://blog.siggraph.org/2025/01/inspiration-innovation-and-ice-cream-kristy-pron-to-lead-siggraph-2027.html,OFFICIAL VERIFIED,Official ACM SIGGRAPH sources checked.
SIGGRAPH Asia 2026,SIGGRAPH Asia 2026,Technology & Creative,Computer Graphics & Interactive Techniques,2026-12-01,2026-12-04,Kuala Lumpur,Malaysia,In-person,19th ACM SIGGRAPH Conference and Exhibition on Computer Graphics and Interactive Techniques in Asia.,Program-specific calls are managed by SIGGRAPH Asia; current deadlines not captured in the official source checked.,,Not yet announced as of 10 Sep 2026,Conference and exhibition on computer graphics and interactive techniques; detailed program not captured in the official listing used here.,Not yet announced as of 10 Sep 2026,Not yet announced as of 10 Sep 2026,Not yet announced as of 10 Sep 2026,"Kuala Lumpur Convention Centre, Kuala Lumpur, Malaysia",Not yet announced as of 10 Sep 2026,ACM SIGGRAPH,https://www.siggraph.org/siggraph-events/conferences/,OFFICIAL VERIFIED,Official ACM SIGGRAPH dates/venue verified.
2027 The 10th International Conference on Artificial Intelligence and Big Data,ICAIBD 2027,Technology,AI / Big Data,2027-05-28,2027-05-30,Chengdu,China,In-person,International academic conference on artificial intelligence and big data.,Not yet announced as of 10 Sep 2026,,Not yet announced as of 10 Sep 2026,Technical paper sessions.,Not yet announced as of 10 Sep 2026,Not yet announced as of 10 Sep 2026,Not yet announced as of 10 Sep 2026,"Chengdu, China",Not yet announced as of 10 Sep 2026,Conference organizers,https://www.iconf.com/,Discovery index,Date/city from iConf.
"2027 The 10th International Conference on Circuits, Systems and Simulation",ICCSS 2027,Engineering,Circuits / Systems / Simulation,2027-06-25,2027-06-27,Da Nang,Vietnam,In-person,"International academic conference on circuits, systems and simulation.",Not yet announced as of 10 Sep 2026,,Not yet announced as of 10 Sep 2026,Technical paper sessions.,Not yet announced as of 10 Sep 2026,Not yet announced as of 10 Sep 2026,Not yet announced as of 10 Sep 2026,"Da Nang, Vietnam",Not yet announced as of 10 Sep 2026,Conference organizers,https://www.iconf.com/,Discovery index,Date/city from iConf.
2027 The 13th International Conference on Frontiers of Educational Technologies,ICFET 2027,Education,Educational Technology,2027-06-17,2027-06-19,Tokyo,Japan,In-person,International conference on frontiers of educational technologies.,Not yet announced as of 10 Sep 2026,,Not yet announced as of 10 Sep 2026,Research papers and educational technology sessions.,Not yet announced as of 10 Sep 2026,Not yet announced as of 10 Sep 2026,Not yet announced as of 10 Sep 2026,"Tokyo, Japan",Not yet announced as of 10 Sep 2026,Conference organizers,https://www.iconf.com/,Discovery index,Date/city from iConf.
Transportation Research Symposium 2027,TRSS2027,Transport & Logistics,Transportation Research,2027-07-11,2027-07-14,Singapore,Singapore,In-person,International transportation research symposium.,Not yet announced as of 10 Sep 2026,,Not yet announced as of 10 Sep 2026,Research presentations and transportation sessions.,Not yet announced as of 10 Sep 2026,Not yet announced as of 10 Sep 2026,Not yet announced as of 10 Sep 2026,Singapore Expo,Not yet announced as of 10 Sep 2026,Elsevier conference portfolio / organizers,https://www.elsevier.com/events/conferences/all,Discovery verified,Date/venue confirmed by Elsevier listing.
UN Climate Change Conference COP31,COP31,Sustainability & Policy,Climate,2026-11,,Antalya,Türkiye,In-person,"UN climate change conference (COP31), listed for November 2026.",Government/observer accreditation and side-event processes; not a conventional CFP.,,Accreditation-dependent; no standard attendee ticket model.,"Negotiations, plenaries, side events, pavilions and thematic programming.","Heads of state, ministers and global climate leaders; roster evolves.",UNFCCC governance and constituted bodies.,"Country, institutional and pavilion partners; sponsorship differs from commercial conferences.","Antalya, Türkiye",Accommodation organized independently/through delegations; official guidance evolves.,UNFCCC,https://impactconvene.com/conferences/,Discovery index,Month/city from conference index; verify official UNFCCC schedule before production use.
UN Climate Change Conference COP32,COP32,Sustainability & Policy,Climate,2027-11,,Addis Ababa,Ethiopia,In-person,"UN climate change conference (COP32), listed for November 2027.",Government/observer accreditation and side-event processes.,,Accreditation-dependent.,"Negotiations, plenaries, side events and pavilions.",To be announced.,UNFCCC governance and constituted bodies.,Partners/pavilions pending.,"Addis Ababa, Ethiopia",TBD,UNFCCC,https://impactconvene.com/conferences/,Discovery index,Future listing; official UNFCCC confirmation should be checked.
Women Deliver Conference 2027,WD2027,Social Impact & Health,Gender Equality / Global Development,2027,,TBD,TBD,In-person / hybrid TBD,Major global gathering on gender equality and sexual/reproductive health and rights; listed for 2027.,CFP/participation details pending.,,Pricing pending.,Program pending.,To be announced.,Program committee pending.,Sponsors/partners pending.,TBD,TBD,Women Deliver,https://impactconvene.com/conferences/,Discovery index,Year only; location/date not yet captured.
World Cargo Symposium 2027,IATA WCS 2027,Transport & Logistics,Air Cargo,2027-03-09,2027-03-11,Calgary,Canada,In-person,"IATA's largest and most prestigious annual air-cargo event; the 2026 edition drew nearly 1,200 delegates.",Industry conference; no public academic-style CFP announced for WCS 2027.,,Not yet announced as of 10 Sep 2026,"Plenary sessions; specialized streams; workshops; executive summits covering technology, innovation, security, customs, cargo operations and sustainability. Detailed 2027 agenda not yet announced.",Not yet announced as of 10 Sep 2026,Program is managed by IATA cargo/event leadership and expert groups; named 2027 technical committee not yet announced.,Not yet announced as of 10 Sep 2026,"Calgary, Canada; exact venue not yet announced on the official WCS page.",Not yet announced as of 10 Sep 2026,International Air Transport Association (IATA),https://www.iata.org/en/events/all/world-cargo-symposium,OFFICIAL VERIFIED,Official IATA WCS page checked.
World Government Summit 2027,WGS 2027,Government & Policy,Public Policy / Future Government,,,Dubai,United Arab Emirates,In-person,High-level government and future-policy summit listed for February 2027.,Curated/invitation model; not conventional academic CFP.,,Pricing/access model varies; details pending.,"Plenaries, ministerial dialogues, future government and innovation sessions.",Global leaders and ministers; 2027 roster pending.,Curated by World Governments Summit organization.,Government/corporate partners pending.,"Dubai, UAE",Official partner hotel/travel guidance typically provided.,World Governments Summit Organization,https://impactconvene.com/conferences/,Discovery index,Month/year and city from index.
World Health Summit 2026,WHS 2026,Health & Policy,Global Health,,,Berlin,Germany,In-person + digital elements expected,High-level global health summit listed for October 2026.,Participation and abstract/speaker mechanisms vary by program.,,Pricing pending.,"Global health policy, science, financing and partnership sessions.",International health leaders; see official program.,Curated scientific/policy program.,Partners include global health institutions; current list on organizer site.,"Berlin, Germany",Hotel/travel guidance via organizer.,World Health Summit,https://impactconvene.com/conferences/,Discovery index,Month/year and city from index.
World Scout Conference 2027,WSC 2027,Youth & Nonprofit,Scouting / Governance,2027-11-29,2027-12-03,London,United Kingdom,In-person,World Organization of the Scout Movement global conference.,Delegate/organizational participation rather than academic CFP.,,Delegate/registration fees pending.,"Governance, strategy, resolutions and global scouting program.",Organizational leaders; roster pending.,WOSM conference governance bodies.,Partners/sponsors pending.,"London, United Kingdom",TBD,World Organization of the Scout Movement,https://uia.org/icco/search/%24freesearch%3DTorun?freesearch=&page=53,Discovery verified,Dates/city from UIA.
