2nd Embodied Spatial Reasoning (ESR) Workshop — NeurIPS 2026,2026-12-11,2026-12-13,Sydney / Paris / Atlanta,Australia / France / United States,Not yet announced,"Official NeurIPS housing is available for Sydney, Atlanta and Paris. Paris uses Revolugo as official housing partner; Sydney and Atlanta accommodation is coordinated through the NeurIPS hotel programme.",NeurIPS Foundation / NeurIPS 2026 Workshop Program,Official NeurIPS 2026 workshop focused on 2nd Embodied Spatial Reasoning (ESR) Workshop. It is part of the accepted NeurIPS workshop programme spanning current and emerging topics in machine learning and artificial intelligence.,https://neurips.cc/,https://neurips.cc/Downloads/2026,NeurIPS 2026 workshops follow the official workshop contribution framework: suggested submission date 29 Aug 2026 and mandatory accept/reject notification by 29 Sep 2026; individual workshops may set their own exact contribution deadline within this framework.,2026-08-29,https://neurips.cc/Conferences/2026/CallForWorkshops,Participation requires NeurIPS 2026 workshop registration. Official pricing is category- and location-dependent through the NeurIPS pricing calculator; guest workshop reception tickets are US$100.,https://neurips.cc/Conferences/2026/Pricing,"One-day in-person workshop within the NeurIPS 2026 workshop programme. NeurIPS requires approximately 7–9 hours of content with substantial discussion time; workshops commonly include invited talks, contributed presentations, posters, panels and community discussion.",Not yet announced,NeurIPS 2026 Workshop Chairs: Ghada Zamzmi; Elisa Ricci; Shao-Hua Sun; Khoa Doan; Theodore Papamarkou; Piotr Koniusz. Workshop-chair assistants: Nina Corvelo Benz; Junhao Dong.,"NeurIPS Foundation is the parent event organization. NeurIPS maintains an official sponsor/exhibitor programme, and individual workshops may seek external sponsor support for speakers or workshop activities under NeurIPS rules.",https://neurips.cc/media/Press/NeurIPS_logo.png,
2nd Workshop on Advances in Representation Learning for Earth Observation (REO-2) — NeurIPS 2026,2026-12-11,2026-12-13,Sydney / Paris / Atlanta,Australia / France / United States,Not yet announced,"Official NeurIPS housing is available for Sydney, Atlanta and Paris. Paris uses Revolugo as official housing partner; Sydney and Atlanta accommodation is coordinated through the NeurIPS hotel programme.",NeurIPS Foundation / NeurIPS 2026 Workshop Program,Official NeurIPS 2026 workshop focused on 2nd Workshop on Advances in Representation Learning for Earth Observation (REO-2). It is part of the accepted NeurIPS workshop programme spanning current and emerging topics in machine learning and artificial intelligence.,https://neurips.cc/,https://neurips.cc/Downloads/2026,NeurIPS 2026 workshops follow the official workshop contribution framework: suggested submission date 29 Aug 2026 and mandatory accept/reject notification by 29 Sep 2026; individual workshops may set their own exact contribution deadline within this framework.,2026-08-29,https://neurips.cc/Conferences/2026/CallForWorkshops,Participation requires NeurIPS 2026 workshop registration. Official pricing is category- and location-dependent through the NeurIPS pricing calculator; guest workshop reception tickets are US$100.,https://neurips.cc/Conferences/2026/Pricing,"One-day in-person workshop within the NeurIPS 2026 workshop programme. NeurIPS requires approximately 7–9 hours of content with substantial discussion time; workshops commonly include invited talks, contributed presentations, posters, panels and community discussion.",Not yet announced,NeurIPS 2026 Workshop Chairs: Ghada Zamzmi; Elisa Ricci; Shao-Hua Sun; Khoa Doan; Theodore Papamarkou; Piotr Koniusz. Workshop-chair assistants: Nina Corvelo Benz; Junhao Dong.,"NeurIPS Foundation is the parent event organization. NeurIPS maintains an official sponsor/exhibitor programme, and individual workshops may seek external sponsor support for speakers or workshop activities under NeurIPS rules.",https://neurips.cc/media/Press/NeurIPS_logo.png,
2nd Workshop on Principles of Generative Modeling (PriGM) — NeurIPS 2026,2026-12-11,2026-12-13,Sydney / Paris / Atlanta,Australia / France / United States,Not yet announced,"Official NeurIPS housing is available for Sydney, Atlanta and Paris. Paris uses Revolugo as official housing partner; Sydney and Atlanta accommodation is coordinated through the NeurIPS hotel programme.",NeurIPS Foundation / NeurIPS 2026 Workshop Program,Official NeurIPS 2026 workshop focused on 2nd Workshop on Principles of Generative Modeling (PriGM). It is part of the accepted NeurIPS workshop programme spanning current and emerging topics in machine learning and artificial intelligence.,https://neurips.cc/,https://neurips.cc/Downloads/2026,NeurIPS 2026 workshops follow the official workshop contribution framework: suggested submission date 29 Aug 2026 and mandatory accept/reject notification by 29 Sep 2026; individual workshops may set their own exact contribution deadline within this framework.,2026-08-29,https://neurips.cc/Conferences/2026/CallForWorkshops,Participation requires NeurIPS 2026 workshop registration. Official pricing is category- and location-dependent through the NeurIPS pricing calculator; guest workshop reception tickets are US$100.,https://neurips.cc/Conferences/2026/Pricing,"One-day in-person workshop within the NeurIPS 2026 workshop programme. NeurIPS requires approximately 7–9 hours of content with substantial discussion time; workshops commonly include invited talks, contributed presentations, posters, panels and community discussion.",Not yet announced,NeurIPS 2026 Workshop Chairs: Ghada Zamzmi; Elisa Ricci; Shao-Hua Sun; Khoa Doan; Theodore Papamarkou; Piotr Koniusz. Workshop-chair assistants: Nina Corvelo Benz; Junhao Dong.,"NeurIPS Foundation is the parent event organization. NeurIPS maintains an official sponsor/exhibitor programme, and individual workshops may seek external sponsor support for speakers or workshop activities under NeurIPS rules.",https://neurips.cc/media/Press/NeurIPS_logo.png,
8th Robot Learning Workshop: Is Physical AI Going Zero-Shot? — NeurIPS 2026,2026-12-11,2026-12-13,Sydney / Paris / Atlanta,Australia / France / United States,Not yet announced,"Official NeurIPS housing is available for Sydney, Atlanta and Paris. Paris uses Revolugo as official housing partner; Sydney and Atlanta accommodation is coordinated through the NeurIPS hotel programme.",NeurIPS Foundation / NeurIPS 2026 Workshop Program,Official NeurIPS 2026 workshop focused on 8th Robot Learning Workshop: Is Physical AI Going Zero-Shot?. It is part of the accepted NeurIPS workshop programme spanning current and emerging topics in machine learning and artificial intelligence.,https://neurips.cc/,https://neurips.cc/Downloads/2026,NeurIPS 2026 workshops follow the official workshop contribution framework: suggested submission date 29 Aug 2026 and mandatory accept/reject notification by 29 Sep 2026; individual workshops may set their own exact contribution deadline within this framework.,2026-08-29,https://neurips.cc/Conferences/2026/CallForWorkshops,Participation requires NeurIPS 2026 workshop registration. Official pricing is category- and location-dependent through the NeurIPS pricing calculator; guest workshop reception tickets are US$100.,https://neurips.cc/Conferences/2026/Pricing,"One-day in-person workshop within the NeurIPS 2026 workshop programme. NeurIPS requires approximately 7–9 hours of content with substantial discussion time; workshops commonly include invited talks, contributed presentations, posters, panels and community discussion.",Not yet announced,NeurIPS 2026 Workshop Chairs: Ghada Zamzmi; Elisa Ricci; Shao-Hua Sun; Khoa Doan; Theodore Papamarkou; Piotr Koniusz. Workshop-chair assistants: Nina Corvelo Benz; Junhao Dong.,"NeurIPS Foundation is the parent event organization. NeurIPS maintains an official sponsor/exhibitor programme, and individual workshops may seek external sponsor support for speakers or workshop activities under NeurIPS rules.",https://neurips.cc/media/Press/NeurIPS_logo.png,
Agentic AI for Biological Discovery: Toward Closed-Loop Life-Science Intelligence — NeurIPS 2026,2026-12-11,2026-12-13,Sydney / Paris / Atlanta,Australia / France / United States,Not yet announced,"Official NeurIPS housing is available for Sydney, Atlanta and Paris. Paris uses Revolugo as official housing partner; Sydney and Atlanta accommodation is coordinated through the NeurIPS hotel programme.",NeurIPS Foundation / NeurIPS 2026 Workshop Program,Official NeurIPS 2026 workshop focused on Agentic AI for Biological Discovery: Toward Closed-Loop Life-Science Intelligence. It is part of the accepted NeurIPS workshop programme spanning current and emerging topics in machine learning and artificial intelligence.,https://neurips.cc/,https://neurips.cc/Downloads/2026,NeurIPS 2026 workshops follow the official workshop contribution framework: suggested submission date 29 Aug 2026 and mandatory accept/reject notification by 29 Sep 2026; individual workshops may set their own exact contribution deadline within this framework.,2026-08-29,https://neurips.cc/Conferences/2026/CallForWorkshops,Participation requires NeurIPS 2026 workshop registration. Official pricing is category- and location-dependent through the NeurIPS pricing calculator; guest workshop reception tickets are US$100.,https://neurips.cc/Conferences/2026/Pricing,"One-day in-person workshop within the NeurIPS 2026 workshop programme. NeurIPS requires approximately 7–9 hours of content with substantial discussion time; workshops commonly include invited talks, contributed presentations, posters, panels and community discussion.",Not yet announced,NeurIPS 2026 Workshop Chairs: Ghada Zamzmi; Elisa Ricci; Shao-Hua Sun; Khoa Doan; Theodore Papamarkou; Piotr Koniusz. Workshop-chair assistants: Nina Corvelo Benz; Junhao Dong.,"NeurIPS Foundation is the parent event organization. NeurIPS maintains an official sponsor/exhibitor programme, and individual workshops may seek external sponsor support for speakers or workshop activities under NeurIPS rules.",https://neurips.cc/media/Press/NeurIPS_logo.png,
Agentic Systems for Molecular Sciences — NeurIPS 2026,2026-12-11,2026-12-13,Sydney / Paris / Atlanta,Australia / France / United States,Not yet announced,"Official NeurIPS housing is available for Sydney, Atlanta and Paris. Paris uses Revolugo as official housing partner; Sydney and Atlanta accommodation is coordinated through the NeurIPS hotel programme.",NeurIPS Foundation / NeurIPS 2026 Workshop Program,Official NeurIPS 2026 workshop focused on Agentic Systems for Molecular Sciences. It is part of the accepted NeurIPS workshop programme spanning current and emerging topics in machine learning and artificial intelligence.,https://neurips.cc/,https://neurips.cc/Downloads/2026,NeurIPS 2026 workshops follow the official workshop contribution framework: suggested submission date 29 Aug 2026 and mandatory accept/reject notification by 29 Sep 2026; individual workshops may set their own exact contribution deadline within this framework.,2026-08-29,https://neurips.cc/Conferences/2026/CallForWorkshops,Participation requires NeurIPS 2026 workshop registration. Official pricing is category- and location-dependent through the NeurIPS pricing calculator; guest workshop reception tickets are US$100.,https://neurips.cc/Conferences/2026/Pricing,"One-day in-person workshop within the NeurIPS 2026 workshop programme. NeurIPS requires approximately 7–9 hours of content with substantial discussion time; workshops commonly include invited talks, contributed presentations, posters, panels and community discussion.",Not yet announced,NeurIPS 2026 Workshop Chairs: Ghada Zamzmi; Elisa Ricci; Shao-Hua Sun; Khoa Doan; Theodore Papamarkou; Piotr Koniusz. Workshop-chair assistants: Nina Corvelo Benz; Junhao Dong.,"NeurIPS Foundation is the parent event organization. NeurIPS maintains an official sponsor/exhibitor programme, and individual workshops may seek external sponsor support for speakers or workshop activities under NeurIPS rules.",https://neurips.cc/media/Press/NeurIPS_logo.png,
AgenticOS: Co-designing Systems and ML Foundations of an OS Layer for Agentic AI — NeurIPS 2026,2026-12-11,2026-12-13,Sydney / Paris / Atlanta,Australia / France / United States,Not yet announced,"Official NeurIPS housing is available for Sydney, Atlanta and Paris. Paris uses Revolugo as official housing partner; Sydney and Atlanta accommodation is coordinated through the NeurIPS hotel programme.",NeurIPS Foundation / NeurIPS 2026 Workshop Program,Official NeurIPS 2026 workshop focused on AgenticOS: Co-designing Systems and ML Foundations of an OS Layer for Agentic AI. It is part of the accepted NeurIPS workshop programme spanning current and emerging topics in machine learning and artificial intelligence.,https://neurips.cc/,https://neurips.cc/Downloads/2026,NeurIPS 2026 workshops follow the official workshop contribution framework: suggested submission date 29 Aug 2026 and mandatory accept/reject notification by 29 Sep 2026; individual workshops may set their own exact contribution deadline within this framework.,2026-08-29,https://neurips.cc/Conferences/2026/CallForWorkshops,Participation requires NeurIPS 2026 workshop registration. Official pricing is category- and location-dependent through the NeurIPS pricing calculator; guest workshop reception tickets are US$100.,https://neurips.cc/Conferences/2026/Pricing,"One-day in-person workshop within the NeurIPS 2026 workshop programme. NeurIPS requires approximately 7–9 hours of content with substantial discussion time; workshops commonly include invited talks, contributed presentations, posters, panels and community discussion.",Not yet announced,NeurIPS 2026 Workshop Chairs: Ghada Zamzmi; Elisa Ricci; Shao-Hua Sun; Khoa Doan; Theodore Papamarkou; Piotr Koniusz. Workshop-chair assistants: Nina Corvelo Benz; Junhao Dong.,"NeurIPS Foundation is the parent event organization. NeurIPS maintains an official sponsor/exhibitor programme, and individual workshops may seek external sponsor support for speakers or workshop activities under NeurIPS rules.",https://neurips.cc/media/Press/NeurIPS_logo.png,
AI Agents for Biomedical Imaging and Multimodal Clinical Data — NeurIPS 2026,2026-12-11,2026-12-13,Sydney / Paris / Atlanta,Australia / France / United States,Not yet announced,"Official NeurIPS housing is available for Sydney, Atlanta and Paris. Paris uses Revolugo as official housing partner; Sydney and Atlanta accommodation is coordinated through the NeurIPS hotel programme.",NeurIPS Foundation / NeurIPS 2026 Workshop Program,Official NeurIPS 2026 workshop focused on AI Agents for Biomedical Imaging and Multimodal Clinical Data. It is part of the accepted NeurIPS workshop programme spanning current and emerging topics in machine learning and artificial intelligence.,https://neurips.cc/,https://neurips.cc/Downloads/2026,NeurIPS 2026 workshops follow the official workshop contribution framework: suggested submission date 29 Aug 2026 and mandatory accept/reject notification by 29 Sep 2026; individual workshops may set their own exact contribution deadline within this framework.,2026-08-29,https://neurips.cc/Conferences/2026/CallForWorkshops,Participation requires NeurIPS 2026 workshop registration. Official pricing is category- and location-dependent through the NeurIPS pricing calculator; guest workshop reception tickets are US$100.,https://neurips.cc/Conferences/2026/Pricing,"One-day in-person workshop within the NeurIPS 2026 workshop programme. NeurIPS requires approximately 7–9 hours of content with substantial discussion time; workshops commonly include invited talks, contributed presentations, posters, panels and community discussion.",Not yet announced,NeurIPS 2026 Workshop Chairs: Ghada Zamzmi; Elisa Ricci; Shao-Hua Sun; Khoa Doan; Theodore Papamarkou; Piotr Koniusz. Workshop-chair assistants: Nina Corvelo Benz; Junhao Dong.,"NeurIPS Foundation is the parent event organization. NeurIPS maintains an official sponsor/exhibitor programme, and individual workshops may seek external sponsor support for speakers or workshop activities under NeurIPS rules.",https://neurips.cc/media/Press/NeurIPS_logo.png,
AI and Science: Evolution or Extinction? — NeurIPS 2026,2026-12-11,2026-12-13,Sydney / Paris / Atlanta,Australia / France / United States,Not yet announced,"Official NeurIPS housing is available for Sydney, Atlanta and Paris. Paris uses Revolugo as official housing partner; Sydney and Atlanta accommodation is coordinated through the NeurIPS hotel programme.",NeurIPS Foundation / NeurIPS 2026 Workshop Program,Official NeurIPS 2026 workshop focused on AI and Science: Evolution or Extinction?. It is part of the accepted NeurIPS workshop programme spanning current and emerging topics in machine learning and artificial intelligence.,https://neurips.cc/,https://neurips.cc/Downloads/2026,NeurIPS 2026 workshops follow the official workshop contribution framework: suggested submission date 29 Aug 2026 and mandatory accept/reject notification by 29 Sep 2026; individual workshops may set their own exact contribution deadline within this framework.,2026-08-29,https://neurips.cc/Conferences/2026/CallForWorkshops,Participation requires NeurIPS 2026 workshop registration. Official pricing is category- and location-dependent through the NeurIPS pricing calculator; guest workshop reception tickets are US$100.,https://neurips.cc/Conferences/2026/Pricing,"One-day in-person workshop within the NeurIPS 2026 workshop programme. NeurIPS requires approximately 7–9 hours of content with substantial discussion time; workshops commonly include invited talks, contributed presentations, posters, panels and community discussion.",Not yet announced,NeurIPS 2026 Workshop Chairs: Ghada Zamzmi; Elisa Ricci; Shao-Hua Sun; Khoa Doan; Theodore Papamarkou; Piotr Koniusz. Workshop-chair assistants: Nina Corvelo Benz; Junhao Dong.,"NeurIPS Foundation is the parent event organization. NeurIPS maintains an official sponsor/exhibitor programme, and individual workshops may seek external sponsor support for speakers or workshop activities under NeurIPS rules.",https://neurips.cc/media/Press/NeurIPS_logo.png,
"AI and the Self: Human Identity, Authenticity, and Agency in the Age of AI — NeurIPS 2026",2026-12-11,2026-12-13,Sydney / Paris / Atlanta,Australia / France / United States,Not yet announced,"Official NeurIPS housing is available for Sydney, Atlanta and Paris. Paris uses Revolugo as official housing partner; Sydney and Atlanta accommodation is coordinated through the NeurIPS hotel programme.",NeurIPS Foundation / NeurIPS 2026 Workshop Program,"Official NeurIPS 2026 workshop focused on AI and the Self: Human Identity, Authenticity, and Agency in the Age of AI. It is part of the accepted NeurIPS workshop programme spanning current and emerging topics in machine learning and artificial intelligence.",https://neurips.cc/,https://neurips.cc/Downloads/2026,NeurIPS 2026 workshops follow the official workshop contribution framework: suggested submission date 29 Aug 2026 and mandatory accept/reject notification by 29 Sep 2026; individual workshops may set their own exact contribution deadline within this framework.,2026-08-29,https://neurips.cc/Conferences/2026/CallForWorkshops,Participation requires NeurIPS 2026 workshop registration. Official pricing is category- and location-dependent through the NeurIPS pricing calculator; guest workshop reception tickets are US$100.,https://neurips.cc/Conferences/2026/Pricing,"One-day in-person workshop within the NeurIPS 2026 workshop programme. NeurIPS requires approximately 7–9 hours of content with substantial discussion time; workshops commonly include invited talks, contributed presentations, posters, panels and community discussion.",Not yet announced,NeurIPS 2026 Workshop Chairs: Ghada Zamzmi; Elisa Ricci; Shao-Hua Sun; Khoa Doan; Theodore Papamarkou; Piotr Koniusz. Workshop-chair assistants: Nina Corvelo Benz; Junhao Dong.,"NeurIPS Foundation is the parent event organization. NeurIPS maintains an official sponsor/exhibitor programme, and individual workshops may seek external sponsor support for speakers or workshop activities under NeurIPS rules.",https://neurips.cc/media/Press/NeurIPS_logo.png,
AI at Scale for Clinical Impact (ASCI): Cancer Pathology Foundation Models — NeurIPS 2026,2026-12-11,2026-12-13,Sydney / Paris / Atlanta,Australia / France / United States,Not yet announced,"Official NeurIPS housing is available for Sydney, Atlanta and Paris. Paris uses Revolugo as official housing partner; Sydney and Atlanta accommodation is coordinated through the NeurIPS hotel programme.",NeurIPS Foundation / NeurIPS 2026 Workshop Program,Official NeurIPS 2026 workshop focused on AI at Scale for Clinical Impact (ASCI): Cancer Pathology Foundation Models. It is part of the accepted NeurIPS workshop programme spanning current and emerging topics in machine learning and artificial intelligence.,https://neurips.cc/,https://neurips.cc/Downloads/2026,NeurIPS 2026 workshops follow the official workshop contribution framework: suggested submission date 29 Aug 2026 and mandatory accept/reject notification by 29 Sep 2026; individual workshops may set their own exact contribution deadline within this framework.,2026-08-29,https://neurips.cc/Conferences/2026/CallForWorkshops,Participation requires NeurIPS 2026 workshop registration. Official pricing is category- and location-dependent through the NeurIPS pricing calculator; guest workshop reception tickets are US$100.,https://neurips.cc/Conferences/2026/Pricing,"One-day in-person workshop within the NeurIPS 2026 workshop programme. NeurIPS requires approximately 7–9 hours of content with substantial discussion time; workshops commonly include invited talks, contributed presentations, posters, panels and community discussion.",Not yet announced,NeurIPS 2026 Workshop Chairs: Ghada Zamzmi; Elisa Ricci; Shao-Hua Sun; Khoa Doan; Theodore Papamarkou; Piotr Koniusz. Workshop-chair assistants: Nina Corvelo Benz; Junhao Dong.,"NeurIPS Foundation is the parent event organization. NeurIPS maintains an official sponsor/exhibitor programme, and individual workshops may seek external sponsor support for speakers or workshop activities under NeurIPS rules.",https://neurips.cc/media/Press/NeurIPS_logo.png,
AI for Chip Design — NeurIPS 2026,2026-12-11,2026-12-13,Sydney / Paris / Atlanta,Australia / France / United States,Not yet announced,"Official NeurIPS housing is available for Sydney, Atlanta and Paris. Paris uses Revolugo as official housing partner; Sydney and Atlanta accommodation is coordinated through the NeurIPS hotel programme.",NeurIPS Foundation / NeurIPS 2026 Workshop Program,Official NeurIPS 2026 workshop focused on AI for Chip Design. It is part of the accepted NeurIPS workshop programme spanning current and emerging topics in machine learning and artificial intelligence.,https://neurips.cc/,https://neurips.cc/Downloads/2026,NeurIPS 2026 workshops follow the official workshop contribution framework: suggested submission date 29 Aug 2026 and mandatory accept/reject notification by 29 Sep 2026; individual workshops may set their own exact contribution deadline within this framework.,2026-08-29,https://neurips.cc/Conferences/2026/CallForWorkshops,Participation requires NeurIPS 2026 workshop registration. Official pricing is category- and location-dependent through the NeurIPS pricing calculator; guest workshop reception tickets are US$100.,https://neurips.cc/Conferences/2026/Pricing,"One-day in-person workshop within the NeurIPS 2026 workshop programme. NeurIPS requires approximately 7–9 hours of content with substantial discussion time; workshops commonly include invited talks, contributed presentations, posters, panels and community discussion.",Not yet announced,NeurIPS 2026 Workshop Chairs: Ghada Zamzmi; Elisa Ricci; Shao-Hua Sun; Khoa Doan; Theodore Papamarkou; Piotr Koniusz. Workshop-chair assistants: Nina Corvelo Benz; Junhao Dong.,"NeurIPS Foundation is the parent event organization. NeurIPS maintains an official sponsor/exhibitor programme, and individual workshops may seek external sponsor support for speakers or workshop activities under NeurIPS rules.",https://neurips.cc/media/Press/NeurIPS_logo.png,
AI for Drug Discovery: Bridging the Translation Gap — NeurIPS 2026,2026-12-11,2026-12-13,Sydney / Paris / Atlanta,Australia / France / United States,Not yet announced,"Official NeurIPS housing is available for Sydney, Atlanta and Paris. Paris uses Revolugo as official housing partner; Sydney and Atlanta accommodation is coordinated through the NeurIPS hotel programme.",NeurIPS Foundation / NeurIPS 2026 Workshop Program,Official NeurIPS 2026 workshop focused on AI for Drug Discovery: Bridging the Translation Gap. It is part of the accepted NeurIPS workshop programme spanning current and emerging topics in machine learning and artificial intelligence.,https://neurips.cc/,https://neurips.cc/Downloads/2026,NeurIPS 2026 workshops follow the official workshop contribution framework: suggested submission date 29 Aug 2026 and mandatory accept/reject notification by 29 Sep 2026; individual workshops may set their own exact contribution deadline within this framework.,2026-08-29,https://neurips.cc/Conferences/2026/CallForWorkshops,Participation requires NeurIPS 2026 workshop registration. Official pricing is category- and location-dependent through the NeurIPS pricing calculator; guest workshop reception tickets are US$100.,https://neurips.cc/Conferences/2026/Pricing,"One-day in-person workshop within the NeurIPS 2026 workshop programme. NeurIPS requires approximately 7–9 hours of content with substantial discussion time; workshops commonly include invited talks, contributed presentations, posters, panels and community discussion.",Not yet announced,NeurIPS 2026 Workshop Chairs: Ghada Zamzmi; Elisa Ricci; Shao-Hua Sun; Khoa Doan; Theodore Papamarkou; Piotr Koniusz. Workshop-chair assistants: Nina Corvelo Benz; Junhao Dong.,"NeurIPS Foundation is the parent event organization. NeurIPS maintains an official sponsor/exhibitor programme, and individual workshops may seek external sponsor support for speakers or workshop activities under NeurIPS rules.",https://neurips.cc/media/Press/NeurIPS_logo.png,
AI for Meta-Science: Scaling and Organizing Science in the Age of AI Scientists — NeurIPS 2026,2026-12-11,2026-12-13,Sydney / Paris / Atlanta,Australia / France / United States,Not yet announced,"Official NeurIPS housing is available for Sydney, Atlanta and Paris. Paris uses Revolugo as official housing partner; Sydney and Atlanta accommodation is coordinated through the NeurIPS hotel programme.",NeurIPS Foundation / NeurIPS 2026 Workshop Program,Official NeurIPS 2026 workshop focused on AI for Meta-Science: Scaling and Organizing Science in the Age of AI Scientists. It is part of the accepted NeurIPS workshop programme spanning current and emerging topics in machine learning and artificial intelligence.,https://neurips.cc/,https://neurips.cc/Downloads/2026,NeurIPS 2026 workshops follow the official workshop contribution framework: suggested submission date 29 Aug 2026 and mandatory accept/reject notification by 29 Sep 2026; individual workshops may set their own exact contribution deadline within this framework.,2026-08-29,https://neurips.cc/Conferences/2026/CallForWorkshops,Participation requires NeurIPS 2026 workshop registration. Official pricing is category- and location-dependent through the NeurIPS pricing calculator; guest workshop reception tickets are US$100.,https://neurips.cc/Conferences/2026/Pricing,"One-day in-person workshop within the NeurIPS 2026 workshop programme. NeurIPS requires approximately 7–9 hours of content with substantial discussion time; workshops commonly include invited talks, contributed presentations, posters, panels and community discussion.",Not yet announced,NeurIPS 2026 Workshop Chairs: Ghada Zamzmi; Elisa Ricci; Shao-Hua Sun; Khoa Doan; Theodore Papamarkou; Piotr Koniusz. Workshop-chair assistants: Nina Corvelo Benz; Junhao Dong.,"NeurIPS Foundation is the parent event organization. NeurIPS maintains an official sponsor/exhibitor programme, and individual workshops may seek external sponsor support for speakers or workshop activities under NeurIPS rules.",https://neurips.cc/media/Press/NeurIPS_logo.png,
AI for Peace — NeurIPS 2026,2026-12-11,2026-12-13,Sydney / Paris / Atlanta,Australia / France / United States,Not yet announced,"Official NeurIPS housing is available for Sydney, Atlanta and Paris. Paris uses Revolugo as official housing partner; Sydney and Atlanta accommodation is coordinated through the NeurIPS hotel programme.",NeurIPS Foundation / NeurIPS 2026 Workshop Program,Official NeurIPS 2026 workshop focused on AI for Peace. It is part of the accepted NeurIPS workshop programme spanning current and emerging topics in machine learning and artificial intelligence.,https://neurips.cc/,https://neurips.cc/Downloads/2026,NeurIPS 2026 workshops follow the official workshop contribution framework: suggested submission date 29 Aug 2026 and mandatory accept/reject notification by 29 Sep 2026; individual workshops may set their own exact contribution deadline within this framework.,2026-08-29,https://neurips.cc/Conferences/2026/CallForWorkshops,Participation requires NeurIPS 2026 workshop registration. Official pricing is category- and location-dependent through the NeurIPS pricing calculator; guest workshop reception tickets are US$100.,https://neurips.cc/Conferences/2026/Pricing,"One-day in-person workshop within the NeurIPS 2026 workshop programme. NeurIPS requires approximately 7–9 hours of content with substantial discussion time; workshops commonly include invited talks, contributed presentations, posters, panels and community discussion.",Not yet announced,NeurIPS 2026 Workshop Chairs: Ghada Zamzmi; Elisa Ricci; Shao-Hua Sun; Khoa Doan; Theodore Papamarkou; Piotr Koniusz. Workshop-chair assistants: Nina Corvelo Benz; Junhao Dong.,"NeurIPS Foundation is the parent event organization. NeurIPS maintains an official sponsor/exhibitor programme, and individual workshops may seek external sponsor support for speakers or workshop activities under NeurIPS rules.",https://neurips.cc/media/Press/NeurIPS_logo.png,
AI for Science: Verification in the Age of AI Scientists — NeurIPS 2026,2026-12-11,2026-12-13,Sydney / Paris / Atlanta,Australia / France / United States,Not yet announced,"Official NeurIPS housing is available for Sydney, Atlanta and Paris. Paris uses Revolugo as official housing partner; Sydney and Atlanta accommodation is coordinated through the NeurIPS hotel programme.",NeurIPS Foundation / NeurIPS 2026 Workshop Program,Official NeurIPS 2026 workshop focused on AI for Science: Verification in the Age of AI Scientists. It is part of the accepted NeurIPS workshop programme spanning current and emerging topics in machine learning and artificial intelligence.,https://neurips.cc/,https://neurips.cc/Downloads/2026,NeurIPS 2026 workshops follow the official workshop contribution framework: suggested submission date 29 Aug 2026 and mandatory accept/reject notification by 29 Sep 2026; individual workshops may set their own exact contribution deadline within this framework.,2026-08-29,https://neurips.cc/Conferences/2026/CallForWorkshops,Participation requires NeurIPS 2026 workshop registration. Official pricing is category- and location-dependent through the NeurIPS pricing calculator; guest workshop reception tickets are US$100.,https://neurips.cc/Conferences/2026/Pricing,"One-day in-person workshop within the NeurIPS 2026 workshop programme. NeurIPS requires approximately 7–9 hours of content with substantial discussion time; workshops commonly include invited talks, contributed presentations, posters, panels and community discussion.",Not yet announced,NeurIPS 2026 Workshop Chairs: Ghada Zamzmi; Elisa Ricci; Shao-Hua Sun; Khoa Doan; Theodore Papamarkou; Piotr Koniusz. Workshop-chair assistants: Nina Corvelo Benz; Junhao Dong.,"NeurIPS Foundation is the parent event organization. NeurIPS maintains an official sponsor/exhibitor programme, and individual workshops may seek external sponsor support for speakers or workshop activities under NeurIPS rules.",https://neurips.cc/media/Press/NeurIPS_logo.png,
AI for Stochastic Dynamics: From Theoretical Foundations to Scientific Applications — NeurIPS 2026,2026-12-11,2026-12-13,Sydney / Paris / Atlanta,Australia / France / United States,Not yet announced,"Official NeurIPS housing is available for Sydney, Atlanta and Paris. Paris uses Revolugo as official housing partner; Sydney and Atlanta accommodation is coordinated through the NeurIPS hotel programme.",NeurIPS Foundation / NeurIPS 2026 Workshop Program,Official NeurIPS 2026 workshop focused on AI for Stochastic Dynamics: From Theoretical Foundations to Scientific Applications. It is part of the accepted NeurIPS workshop programme spanning current and emerging topics in machine learning and artificial intelligence.,https://neurips.cc/,https://neurips.cc/Downloads/2026,NeurIPS 2026 workshops follow the official workshop contribution framework: suggested submission date 29 Aug 2026 and mandatory accept/reject notification by 29 Sep 2026; individual workshops may set their own exact contribution deadline within this framework.,2026-08-29,https://neurips.cc/Conferences/2026/CallForWorkshops,Participation requires NeurIPS 2026 workshop registration. Official pricing is category- and location-dependent through the NeurIPS pricing calculator; guest workshop reception tickets are US$100.,https://neurips.cc/Conferences/2026/Pricing,"One-day in-person workshop within the NeurIPS 2026 workshop programme. NeurIPS requires approximately 7–9 hours of content with substantial discussion time; workshops commonly include invited talks, contributed presentations, posters, panels and community discussion.",Not yet announced,NeurIPS 2026 Workshop Chairs: Ghada Zamzmi; Elisa Ricci; Shao-Hua Sun; Khoa Doan; Theodore Papamarkou; Piotr Koniusz. Workshop-chair assistants: Nina Corvelo Benz; Junhao Dong.,"NeurIPS Foundation is the parent event organization. NeurIPS maintains an official sponsor/exhibitor programme, and individual workshops may seek external sponsor support for speakers or workshop activities under NeurIPS rules.",https://neurips.cc/media/Press/NeurIPS_logo.png,
"AI for Verifiable Coding: Human-Aligned Collaborative Agents for Autoformalization, Proofs, and Heuristics — NeurIPS 2026",2026-12-11,2026-12-13,Sydney / Paris / Atlanta,Australia / France / United States,Not yet announced,"Official NeurIPS housing is available for Sydney, Atlanta and Paris. Paris uses Revolugo as official housing partner; Sydney and Atlanta accommodation is coordinated through the NeurIPS hotel programme.",NeurIPS Foundation / NeurIPS 2026 Workshop Program,"Official NeurIPS 2026 workshop focused on AI for Verifiable Coding: Human-Aligned Collaborative Agents for Autoformalization, Proofs, and Heuristics. It is part of the accepted NeurIPS workshop programme spanning current and emerging topics in machine learning and artificial intelligence.",https://neurips.cc/,https://neurips.cc/Downloads/2026,NeurIPS 2026 workshops follow the official workshop contribution framework: suggested submission date 29 Aug 2026 and mandatory accept/reject notification by 29 Sep 2026; individual workshops may set their own exact contribution deadline within this framework.,2026-08-29,https://neurips.cc/Conferences/2026/CallForWorkshops,Participation requires NeurIPS 2026 workshop registration. Official pricing is category- and location-dependent through the NeurIPS pricing calculator; guest workshop reception tickets are US$100.,https://neurips.cc/Conferences/2026/Pricing,"One-day in-person workshop within the NeurIPS 2026 workshop programme. NeurIPS requires approximately 7–9 hours of content with substantial discussion time; workshops commonly include invited talks, contributed presentations, posters, panels and community discussion.",Not yet announced,NeurIPS 2026 Workshop Chairs: Ghada Zamzmi; Elisa Ricci; Shao-Hua Sun; Khoa Doan; Theodore Papamarkou; Piotr Koniusz. Workshop-chair assistants: Nina Corvelo Benz; Junhao Dong.,"NeurIPS Foundation is the parent event organization. NeurIPS maintains an official sponsor/exhibitor programme, and individual workshops may seek external sponsor support for speakers or workshop activities under NeurIPS rules.",https://neurips.cc/media/Press/NeurIPS_logo.png,
AI Foundations for Power Grids: From Models to Deployment at Scale — NeurIPS 2026,2026-12-11,2026-12-13,Sydney / Paris / Atlanta,Australia / France / United States,Not yet announced,"Official NeurIPS housing is available for Sydney, Atlanta and Paris. Paris uses Revolugo as official housing partner; Sydney and Atlanta accommodation is coordinated through the NeurIPS hotel programme.",NeurIPS Foundation / NeurIPS 2026 Workshop Program,Official NeurIPS 2026 workshop focused on AI Foundations for Power Grids: From Models to Deployment at Scale. It is part of the accepted NeurIPS workshop programme spanning current and emerging topics in machine learning and artificial intelligence.,https://neurips.cc/,https://neurips.cc/Downloads/2026,NeurIPS 2026 workshops follow the official workshop contribution framework: suggested submission date 29 Aug 2026 and mandatory accept/reject notification by 29 Sep 2026; individual workshops may set their own exact contribution deadline within this framework.,2026-08-29,https://neurips.cc/Conferences/2026/CallForWorkshops,Participation requires NeurIPS 2026 workshop registration. Official pricing is category- and location-dependent through the NeurIPS pricing calculator; guest workshop reception tickets are US$100.,https://neurips.cc/Conferences/2026/Pricing,"One-day in-person workshop within the NeurIPS 2026 workshop programme. NeurIPS requires approximately 7–9 hours of content with substantial discussion time; workshops commonly include invited talks, contributed presentations, posters, panels and community discussion.",Not yet announced,NeurIPS 2026 Workshop Chairs: Ghada Zamzmi; Elisa Ricci; Shao-Hua Sun; Khoa Doan; Theodore Papamarkou; Piotr Koniusz. Workshop-chair assistants: Nina Corvelo Benz; Junhao Dong.,"NeurIPS Foundation is the parent event organization. NeurIPS maintains an official sponsor/exhibitor programme, and individual workshops may seek external sponsor support for speakers or workshop activities under NeurIPS rules.",https://neurips.cc/media/Press/NeurIPS_logo.png,
AI4Mat-NeurIPS-2026: Workshop on AI for Accelerated Materials Design — NeurIPS 2026,2026-12-11,2026-12-13,Sydney / Paris / Atlanta,Australia / France / United States,Not yet announced,"Official NeurIPS housing is available for Sydney, Atlanta and Paris. Paris uses Revolugo as official housing partner; Sydney and Atlanta accommodation is coordinated through the NeurIPS hotel programme.",NeurIPS Foundation / NeurIPS 2026 Workshop Program,Official NeurIPS 2026 workshop focused on AI4Mat-NeurIPS-2026: Workshop on AI for Accelerated Materials Design. It is part of the accepted NeurIPS workshop programme spanning current and emerging topics in machine learning and artificial intelligence.,https://neurips.cc/,https://neurips.cc/Downloads/2026,NeurIPS 2026 workshops follow the official workshop contribution framework: suggested submission date 29 Aug 2026 and mandatory accept/reject notification by 29 Sep 2026; individual workshops may set their own exact contribution deadline within this framework.,2026-08-29,https://neurips.cc/Conferences/2026/CallForWorkshops,Participation requires NeurIPS 2026 workshop registration. Official pricing is category- and location-dependent through the NeurIPS pricing calculator; guest workshop reception tickets are US$100.,https://neurips.cc/Conferences/2026/Pricing,"One-day in-person workshop within the NeurIPS 2026 workshop programme. NeurIPS requires approximately 7–9 hours of content with substantial discussion time; workshops commonly include invited talks, contributed presentations, posters, panels and community discussion.",Not yet announced,NeurIPS 2026 Workshop Chairs: Ghada Zamzmi; Elisa Ricci; Shao-Hua Sun; Khoa Doan; Theodore Papamarkou; Piotr Koniusz. Workshop-chair assistants: Nina Corvelo Benz; Junhao Dong.,"NeurIPS Foundation is the parent event organization. NeurIPS maintains an official sponsor/exhibitor programme, and individual workshops may seek external sponsor support for speakers or workshop activities under NeurIPS rules.",https://neurips.cc/media/Press/NeurIPS_logo.png,
AIDaR: AI Data Readiness for Scientific Discovery — NeurIPS 2026,2026-12-11,2026-12-13,Sydney / Paris / Atlanta,Australia / France / United States,Not yet announced,"Official NeurIPS housing is available for Sydney, Atlanta and Paris. Paris uses Revolugo as official housing partner; Sydney and Atlanta accommodation is coordinated through the NeurIPS hotel programme.",NeurIPS Foundation / NeurIPS 2026 Workshop Program,Official NeurIPS 2026 workshop focused on AIDaR: AI Data Readiness for Scientific Discovery. It is part of the accepted NeurIPS workshop programme spanning current and emerging topics in machine learning and artificial intelligence.,https://neurips.cc/,https://neurips.cc/Downloads/2026,NeurIPS 2026 workshops follow the official workshop contribution framework: suggested submission date 29 Aug 2026 and mandatory accept/reject notification by 29 Sep 2026; individual workshops may set their own exact contribution deadline within this framework.,2026-08-29,https://neurips.cc/Conferences/2026/CallForWorkshops,Participation requires NeurIPS 2026 workshop registration. Official pricing is category- and location-dependent through the NeurIPS pricing calculator; guest workshop reception tickets are US$100.,https://neurips.cc/Conferences/2026/Pricing,"One-day in-person workshop within the NeurIPS 2026 workshop programme. NeurIPS requires approximately 7–9 hours of content with substantial discussion time; workshops commonly include invited talks, contributed presentations, posters, panels and community discussion.",Not yet announced,NeurIPS 2026 Workshop Chairs: Ghada Zamzmi; Elisa Ricci; Shao-Hua Sun; Khoa Doan; Theodore Papamarkou; Piotr Koniusz. Workshop-chair assistants: Nina Corvelo Benz; Junhao Dong.,"NeurIPS Foundation is the parent event organization. NeurIPS maintains an official sponsor/exhibitor programme, and individual workshops may seek external sponsor support for speakers or workshop activities under NeurIPS rules.",https://neurips.cc/media/Press/NeurIPS_logo.png,
ATTRIB: Workshop on Data Attribution and Provenance — NeurIPS 2026,2026-12-11,2026-12-13,Sydney / Paris / Atlanta,Australia / France / United States,Not yet announced,"Official NeurIPS housing is available for Sydney, Atlanta and Paris. Paris uses Revolugo as official housing partner; Sydney and Atlanta accommodation is coordinated through the NeurIPS hotel programme.",NeurIPS Foundation / NeurIPS 2026 Workshop Program,Official NeurIPS 2026 workshop focused on ATTRIB: Workshop on Data Attribution and Provenance. It is part of the accepted NeurIPS workshop programme spanning current and emerging topics in machine learning and artificial intelligence.,https://neurips.cc/,https://neurips.cc/Downloads/2026,NeurIPS 2026 workshops follow the official workshop contribution framework: suggested submission date 29 Aug 2026 and mandatory accept/reject notification by 29 Sep 2026; individual workshops may set their own exact contribution deadline within this framework.,2026-08-29,https://neurips.cc/Conferences/2026/CallForWorkshops,Participation requires NeurIPS 2026 workshop registration. Official pricing is category- and location-dependent through the NeurIPS pricing calculator; guest workshop reception tickets are US$100.,https://neurips.cc/Conferences/2026/Pricing,"One-day in-person workshop within the NeurIPS 2026 workshop programme. NeurIPS requires approximately 7–9 hours of content with substantial discussion time; workshops commonly include invited talks, contributed presentations, posters, panels and community discussion.",Not yet announced,NeurIPS 2026 Workshop Chairs: Ghada Zamzmi; Elisa Ricci; Shao-Hua Sun; Khoa Doan; Theodore Papamarkou; Piotr Koniusz. Workshop-chair assistants: Nina Corvelo Benz; Junhao Dong.,"NeurIPS Foundation is the parent event organization. NeurIPS maintains an official sponsor/exhibitor programme, and individual workshops may seek external sponsor support for speakers or workshop activities under NeurIPS rules.",https://neurips.cc/media/Press/NeurIPS_logo.png,
AXIOM: Foundations of Efficient Deep Learning — NeurIPS 2026,2026-12-11,2026-12-13,Sydney / Paris / Atlanta,Australia / France / United States,Not yet announced,"Official NeurIPS housing is available for Sydney, Atlanta and Paris. Paris uses Revolugo as official housing partner; Sydney and Atlanta accommodation is coordinated through the NeurIPS hotel programme.",NeurIPS Foundation / NeurIPS 2026 Workshop Program,Official NeurIPS 2026 workshop focused on AXIOM: Foundations of Efficient Deep Learning. It is part of the accepted NeurIPS workshop programme spanning current and emerging topics in machine learning and artificial intelligence.,https://neurips.cc/,https://neurips.cc/Downloads/2026,NeurIPS 2026 workshops follow the official workshop contribution framework: suggested submission date 29 Aug 2026 and mandatory accept/reject notification by 29 Sep 2026; individual workshops may set their own exact contribution deadline within this framework.,2026-08-29,https://neurips.cc/Conferences/2026/CallForWorkshops,Participation requires NeurIPS 2026 workshop registration. Official pricing is category- and location-dependent through the NeurIPS pricing calculator; guest workshop reception tickets are US$100.,https://neurips.cc/Conferences/2026/Pricing,"One-day in-person workshop within the NeurIPS 2026 workshop programme. NeurIPS requires approximately 7–9 hours of content with substantial discussion time; workshops commonly include invited talks, contributed presentations, posters, panels and community discussion.",Not yet announced,NeurIPS 2026 Workshop Chairs: Ghada Zamzmi; Elisa Ricci; Shao-Hua Sun; Khoa Doan; Theodore Papamarkou; Piotr Koniusz. Workshop-chair assistants: Nina Corvelo Benz; Junhao Dong.,"NeurIPS Foundation is the parent event organization. NeurIPS maintains an official sponsor/exhibitor programme, and individual workshops may seek external sponsor support for speakers or workshop activities under NeurIPS rules.",https://neurips.cc/media/Press/NeurIPS_logo.png,
Beyond Next Token Prediction: Diffusion and Flow Models for Next-Generation Decoding — NeurIPS 2026,2026-12-11,2026-12-13,Sydney / Paris / Atlanta,Australia / France / United States,Not yet announced,"Official NeurIPS housing is available for Sydney, Atlanta and Paris. Paris uses Revolugo as official housing partner; Sydney and Atlanta accommodation is coordinated through the NeurIPS hotel programme.",NeurIPS Foundation / NeurIPS 2026 Workshop Program,Official NeurIPS 2026 workshop focused on Beyond Next Token Prediction: Diffusion and Flow Models for Next-Generation Decoding. It is part of the accepted NeurIPS workshop programme spanning current and emerging topics in machine learning and artificial intelligence.,https://neurips.cc/,https://neurips.cc/Downloads/2026,NeurIPS 2026 workshops follow the official workshop contribution framework: suggested submission date 29 Aug 2026 and mandatory accept/reject notification by 29 Sep 2026; individual workshops may set their own exact contribution deadline within this framework.,2026-08-29,https://neurips.cc/Conferences/2026/CallForWorkshops,Participation requires NeurIPS 2026 workshop registration. Official pricing is category- and location-dependent through the NeurIPS pricing calculator; guest workshop reception tickets are US$100.,https://neurips.cc/Conferences/2026/Pricing,"One-day in-person workshop within the NeurIPS 2026 workshop programme. NeurIPS requires approximately 7–9 hours of content with substantial discussion time; workshops commonly include invited talks, contributed presentations, posters, panels and community discussion.",Not yet announced,NeurIPS 2026 Workshop Chairs: Ghada Zamzmi; Elisa Ricci; Shao-Hua Sun; Khoa Doan; Theodore Papamarkou; Piotr Koniusz. Workshop-chair assistants: Nina Corvelo Benz; Junhao Dong.,"NeurIPS Foundation is the parent event organization. NeurIPS maintains an official sponsor/exhibitor programme, and individual workshops may seek external sponsor support for speakers or workshop activities under NeurIPS rules.",https://neurips.cc/media/Press/NeurIPS_logo.png,
Beyond Private Training: The New Landscape of AI Privacy — NeurIPS 2026,2026-12-11,2026-12-13,Sydney / Paris / Atlanta,Australia / France / United States,Not yet announced,"Official NeurIPS housing is available for Sydney, Atlanta and Paris. Paris uses Revolugo as official housing partner; Sydney and Atlanta accommodation is coordinated through the NeurIPS hotel programme.",NeurIPS Foundation / NeurIPS 2026 Workshop Program,Official NeurIPS 2026 workshop focused on Beyond Private Training: The New Landscape of AI Privacy. It is part of the accepted NeurIPS workshop programme spanning current and emerging topics in machine learning and artificial intelligence.,https://neurips.cc/,https://neurips.cc/Downloads/2026,NeurIPS 2026 workshops follow the official workshop contribution framework: suggested submission date 29 Aug 2026 and mandatory accept/reject notification by 29 Sep 2026; individual workshops may set their own exact contribution deadline within this framework.,2026-08-29,https://neurips.cc/Conferences/2026/CallForWorkshops,Participation requires NeurIPS 2026 workshop registration. Official pricing is category- and location-dependent through the NeurIPS pricing calculator; guest workshop reception tickets are US$100.,https://neurips.cc/Conferences/2026/Pricing,"One-day in-person workshop within the NeurIPS 2026 workshop programme. NeurIPS requires approximately 7–9 hours of content with substantial discussion time; workshops commonly include invited talks, contributed presentations, posters, panels and community discussion.",Not yet announced,NeurIPS 2026 Workshop Chairs: Ghada Zamzmi; Elisa Ricci; Shao-Hua Sun; Khoa Doan; Theodore Papamarkou; Piotr Koniusz. Workshop-chair assistants: Nina Corvelo Benz; Junhao Dong.,"NeurIPS Foundation is the parent event organization. NeurIPS maintains an official sponsor/exhibitor programme, and individual workshops may seek external sponsor support for speakers or workshop activities under NeurIPS rules.",https://neurips.cc/media/Press/NeurIPS_logo.png,
"Bridging Optimal Transport, Learning and Structured Data: Toward Geometric Distributional Learning — NeurIPS 2026",2026-12-11,2026-12-13,Sydney / Paris / Atlanta,Australia / France / United States,Not yet announced,"Official NeurIPS housing is available for Sydney, Atlanta and Paris. Paris uses Revolugo as official housing partner; Sydney and Atlanta accommodation is coordinated through the NeurIPS hotel programme.",NeurIPS Foundation / NeurIPS 2026 Workshop Program,"Official NeurIPS 2026 workshop focused on Bridging Optimal Transport, Learning and Structured Data: Toward Geometric Distributional Learning. It is part of the accepted NeurIPS workshop programme spanning current and emerging topics in machine learning and artificial intelligence.",https://neurips.cc/,https://neurips.cc/Downloads/2026,NeurIPS 2026 workshops follow the official workshop contribution framework: suggested submission date 29 Aug 2026 and mandatory accept/reject notification by 29 Sep 2026; individual workshops may set their own exact contribution deadline within this framework.,2026-08-29,https://neurips.cc/Conferences/2026/CallForWorkshops,Participation requires NeurIPS 2026 workshop registration. Official pricing is category- and location-dependent through the NeurIPS pricing calculator; guest workshop reception tickets are US$100.,https://neurips.cc/Conferences/2026/Pricing,"One-day in-person workshop within the NeurIPS 2026 workshop programme. NeurIPS requires approximately 7–9 hours of content with substantial discussion time; workshops commonly include invited talks, contributed presentations, posters, panels and community discussion.",Not yet announced,NeurIPS 2026 Workshop Chairs: Ghada Zamzmi; Elisa Ricci; Shao-Hua Sun; Khoa Doan; Theodore Papamarkou; Piotr Koniusz. Workshop-chair assistants: Nina Corvelo Benz; Junhao Dong.,"NeurIPS Foundation is the parent event organization. NeurIPS maintains an official sponsor/exhibitor programme, and individual workshops may seek external sponsor support for speakers or workshop activities under NeurIPS rules.",https://neurips.cc/media/Press/NeurIPS_logo.png,
"Can We Trust AI Evaluation? Robustness, Causality, and Risk in Modern AI Assessment — NeurIPS 2026",2026-12-11,2026-12-13,Sydney / Paris / Atlanta,Australia / France / United States,Not yet announced,"Official NeurIPS housing is available for Sydney, Atlanta and Paris. Paris uses Revolugo as official housing partner; Sydney and Atlanta accommodation is coordinated through the NeurIPS hotel programme.",NeurIPS Foundation / NeurIPS 2026 Workshop Program,"Official NeurIPS 2026 workshop focused on Can We Trust AI Evaluation? Robustness, Causality, and Risk in Modern AI Assessment. It is part of the accepted NeurIPS workshop programme spanning current and emerging topics in machine learning and artificial intelligence.",https://neurips.cc/,https://neurips.cc/Downloads/2026,NeurIPS 2026 workshops follow the official workshop contribution framework: suggested submission date 29 Aug 2026 and mandatory accept/reject notification by 29 Sep 2026; individual workshops may set their own exact contribution deadline within this framework.,2026-08-29,https://neurips.cc/Conferences/2026/CallForWorkshops,Participation requires NeurIPS 2026 workshop registration. Official pricing is category- and location-dependent through the NeurIPS pricing calculator; guest workshop reception tickets are US$100.,https://neurips.cc/Conferences/2026/Pricing,"One-day in-person workshop within the NeurIPS 2026 workshop programme. NeurIPS requires approximately 7–9 hours of content with substantial discussion time; workshops commonly include invited talks, contributed presentations, posters, panels and community discussion.",Not yet announced,NeurIPS 2026 Workshop Chairs: Ghada Zamzmi; Elisa Ricci; Shao-Hua Sun; Khoa Doan; Theodore Papamarkou; Piotr Koniusz. Workshop-chair assistants: Nina Corvelo Benz; Junhao Dong.,"NeurIPS Foundation is the parent event organization. NeurIPS maintains an official sponsor/exhibitor programme, and individual workshops may seek external sponsor support for speakers or workshop activities under NeurIPS rules.",https://neurips.cc/media/Press/NeurIPS_logo.png,
Can We Trust the Judge? Building Reliable Evaluation for Language Models — NeurIPS 2026,2026-12-11,2026-12-13,Sydney / Paris / Atlanta,Australia / France / United States,Not yet announced,"Official NeurIPS housing is available for Sydney, Atlanta and Paris. Paris uses Revolugo as official housing partner; Sydney and Atlanta accommodation is coordinated through the NeurIPS hotel programme.",NeurIPS Foundation / NeurIPS 2026 Workshop Program,Official NeurIPS 2026 workshop focused on Can We Trust the Judge? Building Reliable Evaluation for Language Models. It is part of the accepted NeurIPS workshop programme spanning current and emerging topics in machine learning and artificial intelligence.,https://neurips.cc/,https://neurips.cc/Downloads/2026,NeurIPS 2026 workshops follow the official workshop contribution framework: suggested submission date 29 Aug 2026 and mandatory accept/reject notification by 29 Sep 2026; individual workshops may set their own exact contribution deadline within this framework.,2026-08-29,https://neurips.cc/Conferences/2026/CallForWorkshops,Participation requires NeurIPS 2026 workshop registration. Official pricing is category- and location-dependent through the NeurIPS pricing calculator; guest workshop reception tickets are US$100.,https://neurips.cc/Conferences/2026/Pricing,"One-day in-person workshop within the NeurIPS 2026 workshop programme. NeurIPS requires approximately 7–9 hours of content with substantial discussion time; workshops commonly include invited talks, contributed presentations, posters, panels and community discussion.",Not yet announced,NeurIPS 2026 Workshop Chairs: Ghada Zamzmi; Elisa Ricci; Shao-Hua Sun; Khoa Doan; Theodore Papamarkou; Piotr Koniusz. Workshop-chair assistants: Nina Corvelo Benz; Junhao Dong.,"NeurIPS Foundation is the parent event organization. NeurIPS maintains an official sponsor/exhibitor programme, and individual workshops may seek external sponsor support for speakers or workshop activities under NeurIPS rules.",https://neurips.cc/media/Press/NeurIPS_logo.png,
Causal Representation Learning — NeurIPS 2026,2026-12-11,2026-12-13,Sydney / Paris / Atlanta,Australia / France / United States,Not yet announced,"Official NeurIPS housing is available for Sydney, Atlanta and Paris. Paris uses Revolugo as official housing partner; Sydney and Atlanta accommodation is coordinated through the NeurIPS hotel programme.",NeurIPS Foundation / NeurIPS 2026 Workshop Program,Official NeurIPS 2026 workshop focused on Causal Representation Learning. It is part of the accepted NeurIPS workshop programme spanning current and emerging topics in machine learning and artificial intelligence.,https://neurips.cc/,https://neurips.cc/Downloads/2026,NeurIPS 2026 workshops follow the official workshop contribution framework: suggested submission date 29 Aug 2026 and mandatory accept/reject notification by 29 Sep 2026; individual workshops may set their own exact contribution deadline within this framework.,2026-08-29,https://neurips.cc/Conferences/2026/CallForWorkshops,Participation requires NeurIPS 2026 workshop registration. Official pricing is category- and location-dependent through the NeurIPS pricing calculator; guest workshop reception tickets are US$100.,https://neurips.cc/Conferences/2026/Pricing,"One-day in-person workshop within the NeurIPS 2026 workshop programme. NeurIPS requires approximately 7–9 hours of content with substantial discussion time; workshops commonly include invited talks, contributed presentations, posters, panels and community discussion.",Not yet announced,NeurIPS 2026 Workshop Chairs: Ghada Zamzmi; Elisa Ricci; Shao-Hua Sun; Khoa Doan; Theodore Papamarkou; Piotr Koniusz. Workshop-chair assistants: Nina Corvelo Benz; Junhao Dong.,"NeurIPS Foundation is the parent event organization. NeurIPS maintains an official sponsor/exhibitor programme, and individual workshops may seek external sponsor support for speakers or workshop activities under NeurIPS rules.",https://neurips.cc/media/Press/NeurIPS_logo.png,
Child Safety in AI — NeurIPS 2026,2026-12-11,2026-12-13,Sydney / Paris / Atlanta,Australia / France / United States,Not yet announced,"Official NeurIPS housing is available for Sydney, Atlanta and Paris. Paris uses Revolugo as official housing partner; Sydney and Atlanta accommodation is coordinated through the NeurIPS hotel programme.",NeurIPS Foundation / NeurIPS 2026 Workshop Program,Official NeurIPS 2026 workshop focused on Child Safety in AI. It is part of the accepted NeurIPS workshop programme spanning current and emerging topics in machine learning and artificial intelligence.,https://neurips.cc/,https://neurips.cc/Downloads/2026,NeurIPS 2026 workshops follow the official workshop contribution framework: suggested submission date 29 Aug 2026 and mandatory accept/reject notification by 29 Sep 2026; individual workshops may set their own exact contribution deadline within this framework.,2026-08-29,https://neurips.cc/Conferences/2026/CallForWorkshops,Participation requires NeurIPS 2026 workshop registration. Official pricing is category- and location-dependent through the NeurIPS pricing calculator; guest workshop reception tickets are US$100.,https://neurips.cc/Conferences/2026/Pricing,"One-day in-person workshop within the NeurIPS 2026 workshop programme. NeurIPS requires approximately 7–9 hours of content with substantial discussion time; workshops commonly include invited talks, contributed presentations, posters, panels and community discussion.",Not yet announced,NeurIPS 2026 Workshop Chairs: Ghada Zamzmi; Elisa Ricci; Shao-Hua Sun; Khoa Doan; Theodore Papamarkou; Piotr Koniusz. Workshop-chair assistants: Nina Corvelo Benz; Junhao Dong.,"NeurIPS Foundation is the parent event organization. NeurIPS maintains an official sponsor/exhibitor programme, and individual workshops may seek external sponsor support for speakers or workshop activities under NeurIPS rules.",https://neurips.cc/media/Press/NeurIPS_logo.png,
Continual Learning for Enterprise AI Agents — NeurIPS 2026,2026-12-11,2026-12-13,Sydney / Paris / Atlanta,Australia / France / United States,Not yet announced,"Official NeurIPS housing is available for Sydney, Atlanta and Paris. Paris uses Revolugo as official housing partner; Sydney and Atlanta accommodation is coordinated through the NeurIPS hotel programme.",NeurIPS Foundation / NeurIPS 2026 Workshop Program,Official NeurIPS 2026 workshop focused on Continual Learning for Enterprise AI Agents. It is part of the accepted NeurIPS workshop programme spanning current and emerging topics in machine learning and artificial intelligence.,https://neurips.cc/,https://neurips.cc/Downloads/2026,NeurIPS 2026 workshops follow the official workshop contribution framework: suggested submission date 29 Aug 2026 and mandatory accept/reject notification by 29 Sep 2026; individual workshops may set their own exact contribution deadline within this framework.,2026-08-29,https://neurips.cc/Conferences/2026/CallForWorkshops,Participation requires NeurIPS 2026 workshop registration. Official pricing is category- and location-dependent through the NeurIPS pricing calculator; guest workshop reception tickets are US$100.,https://neurips.cc/Conferences/2026/Pricing,"One-day in-person workshop within the NeurIPS 2026 workshop programme. NeurIPS requires approximately 7–9 hours of content with substantial discussion time; workshops commonly include invited talks, contributed presentations, posters, panels and community discussion.",Not yet announced,NeurIPS 2026 Workshop Chairs: Ghada Zamzmi; Elisa Ricci; Shao-Hua Sun; Khoa Doan; Theodore Papamarkou; Piotr Koniusz. Workshop-chair assistants: Nina Corvelo Benz; Junhao Dong.,"NeurIPS Foundation is the parent event organization. NeurIPS maintains an official sponsor/exhibitor programme, and individual workshops may seek external sponsor support for speakers or workshop activities under NeurIPS rules.",https://neurips.cc/media/Press/NeurIPS_logo.png,
Continual Learning in the Era of Foundation Models and Embodied Agents — NeurIPS 2026,2026-12-11,2026-12-13,Sydney / Paris / Atlanta,Australia / France / United States,Not yet announced,"Official NeurIPS housing is available for Sydney, Atlanta and Paris. Paris uses Revolugo as official housing partner; Sydney and Atlanta accommodation is coordinated through the NeurIPS hotel programme.",NeurIPS Foundation / NeurIPS 2026 Workshop Program,Official NeurIPS 2026 workshop focused on Continual Learning in the Era of Foundation Models and Embodied Agents. It is part of the accepted NeurIPS workshop programme spanning current and emerging topics in machine learning and artificial intelligence.,https://neurips.cc/,https://neurips.cc/Downloads/2026,NeurIPS 2026 workshops follow the official workshop contribution framework: suggested submission date 29 Aug 2026 and mandatory accept/reject notification by 29 Sep 2026; individual workshops may set their own exact contribution deadline within this framework.,2026-08-29,https://neurips.cc/Conferences/2026/CallForWorkshops,Participation requires NeurIPS 2026 workshop registration. Official pricing is category- and location-dependent through the NeurIPS pricing calculator; guest workshop reception tickets are US$100.,https://neurips.cc/Conferences/2026/Pricing,"One-day in-person workshop within the NeurIPS 2026 workshop programme. NeurIPS requires approximately 7–9 hours of content with substantial discussion time; workshops commonly include invited talks, contributed presentations, posters, panels and community discussion.",Not yet announced,NeurIPS 2026 Workshop Chairs: Ghada Zamzmi; Elisa Ricci; Shao-Hua Sun; Khoa Doan; Theodore Papamarkou; Piotr Koniusz. Workshop-chair assistants: Nina Corvelo Benz; Junhao Dong.,"NeurIPS Foundation is the parent event organization. NeurIPS maintains an official sponsor/exhibitor programme, and individual workshops may seek external sponsor support for speakers or workshop activities under NeurIPS rules.",https://neurips.cc/media/Press/NeurIPS_logo.png,
Continual World Models — NeurIPS 2026,2026-12-11,2026-12-13,Sydney / Paris / Atlanta,Australia / France / United States,Not yet announced,"Official NeurIPS housing is available for Sydney, Atlanta and Paris. Paris uses Revolugo as official housing partner; Sydney and Atlanta accommodation is coordinated through the NeurIPS hotel programme.",NeurIPS Foundation / NeurIPS 2026 Workshop Program,Official NeurIPS 2026 workshop focused on Continual World Models. It is part of the accepted NeurIPS workshop programme spanning current and emerging topics in machine learning and artificial intelligence.,https://neurips.cc/,https://neurips.cc/Downloads/2026,NeurIPS 2026 workshops follow the official workshop contribution framework: suggested submission date 29 Aug 2026 and mandatory accept/reject notification by 29 Sep 2026; individual workshops may set their own exact contribution deadline within this framework.,2026-08-29,https://neurips.cc/Conferences/2026/CallForWorkshops,Participation requires NeurIPS 2026 workshop registration. Official pricing is category- and location-dependent through the NeurIPS pricing calculator; guest workshop reception tickets are US$100.,https://neurips.cc/Conferences/2026/Pricing,"One-day in-person workshop within the NeurIPS 2026 workshop programme. NeurIPS requires approximately 7–9 hours of content with substantial discussion time; workshops commonly include invited talks, contributed presentations, posters, panels and community discussion.",Not yet announced,NeurIPS 2026 Workshop Chairs: Ghada Zamzmi; Elisa Ricci; Shao-Hua Sun; Khoa Doan; Theodore Papamarkou; Piotr Koniusz. Workshop-chair assistants: Nina Corvelo Benz; Junhao Dong.,"NeurIPS Foundation is the parent event organization. NeurIPS maintains an official sponsor/exhibitor programme, and individual workshops may seek external sponsor support for speakers or workshop activities under NeurIPS rules.",https://neurips.cc/media/Press/NeurIPS_logo.png,
DevAI: Developmental Perspectives on AI — NeurIPS 2026,2026-12-11,2026-12-13,Sydney / Paris / Atlanta,Australia / France / United States,Not yet announced,"Official NeurIPS housing is available for Sydney, Atlanta and Paris. Paris uses Revolugo as official housing partner; Sydney and Atlanta accommodation is coordinated through the NeurIPS hotel programme.",NeurIPS Foundation / NeurIPS 2026 Workshop Program,Official NeurIPS 2026 workshop focused on DevAI: Developmental Perspectives on AI. It is part of the accepted NeurIPS workshop programme spanning current and emerging topics in machine learning and artificial intelligence.,https://neurips.cc/,https://neurips.cc/Downloads/2026,NeurIPS 2026 workshops follow the official workshop contribution framework: suggested submission date 29 Aug 2026 and mandatory accept/reject notification by 29 Sep 2026; individual workshops may set their own exact contribution deadline within this framework.,2026-08-29,https://neurips.cc/Conferences/2026/CallForWorkshops,Participation requires NeurIPS 2026 workshop registration. Official pricing is category- and location-dependent through the NeurIPS pricing calculator; guest workshop reception tickets are US$100.,https://neurips.cc/Conferences/2026/Pricing,"One-day in-person workshop within the NeurIPS 2026 workshop programme. NeurIPS requires approximately 7–9 hours of content with substantial discussion time; workshops commonly include invited talks, contributed presentations, posters, panels and community discussion.",Not yet announced,NeurIPS 2026 Workshop Chairs: Ghada Zamzmi; Elisa Ricci; Shao-Hua Sun; Khoa Doan; Theodore Papamarkou; Piotr Koniusz. Workshop-chair assistants: Nina Corvelo Benz; Junhao Dong.,"NeurIPS Foundation is the parent event organization. NeurIPS maintains an official sponsor/exhibitor programme, and individual workshops may seek external sponsor support for speakers or workshop activities under NeurIPS rules.",https://neurips.cc/media/Press/NeurIPS_logo.png,
"Diffusion Language Models: Foundations, Efficiency, and Reasoning — NeurIPS 2026",2026-12-11,2026-12-13,Sydney / Paris / Atlanta,Australia / France / United States,Not yet announced,"Official NeurIPS housing is available for Sydney, Atlanta and Paris. Paris uses Revolugo as official housing partner; Sydney and Atlanta accommodation is coordinated through the NeurIPS hotel programme.",NeurIPS Foundation / NeurIPS 2026 Workshop Program,"Official NeurIPS 2026 workshop focused on Diffusion Language Models: Foundations, Efficiency, and Reasoning. It is part of the accepted NeurIPS workshop programme spanning current and emerging topics in machine learning and artificial intelligence.",https://neurips.cc/,https://neurips.cc/Downloads/2026,NeurIPS 2026 workshops follow the official workshop contribution framework: suggested submission date 29 Aug 2026 and mandatory accept/reject notification by 29 Sep 2026; individual workshops may set their own exact contribution deadline within this framework.,2026-08-29,https://neurips.cc/Conferences/2026/CallForWorkshops,Participation requires NeurIPS 2026 workshop registration. Official pricing is category- and location-dependent through the NeurIPS pricing calculator; guest workshop reception tickets are US$100.,https://neurips.cc/Conferences/2026/Pricing,"One-day in-person workshop within the NeurIPS 2026 workshop programme. NeurIPS requires approximately 7–9 hours of content with substantial discussion time; workshops commonly include invited talks, contributed presentations, posters, panels and community discussion.",Not yet announced,NeurIPS 2026 Workshop Chairs: Ghada Zamzmi; Elisa Ricci; Shao-Hua Sun; Khoa Doan; Theodore Papamarkou; Piotr Koniusz. Workshop-chair assistants: Nina Corvelo Benz; Junhao Dong.,"NeurIPS Foundation is the parent event organization. NeurIPS maintains an official sponsor/exhibitor programme, and individual workshops may seek external sponsor support for speakers or workshop activities under NeurIPS rules.",https://neurips.cc/media/Press/NeurIPS_logo.png,
Distilling Reasoning: From Chain-of-Thought to Agentic Capabilities in Smaller Models — NeurIPS 2026,2026-12-11,2026-12-13,Sydney / Paris / Atlanta,Australia / France / United States,Not yet announced,"Official NeurIPS housing is available for Sydney, Atlanta and Paris. Paris uses Revolugo as official housing partner; Sydney and Atlanta accommodation is coordinated through the NeurIPS hotel programme.",NeurIPS Foundation / NeurIPS 2026 Workshop Program,Official NeurIPS 2026 workshop focused on Distilling Reasoning: From Chain-of-Thought to Agentic Capabilities in Smaller Models. It is part of the accepted NeurIPS workshop programme spanning current and emerging topics in machine learning and artificial intelligence.,https://neurips.cc/,https://neurips.cc/Downloads/2026,NeurIPS 2026 workshops follow the official workshop contribution framework: suggested submission date 29 Aug 2026 and mandatory accept/reject notification by 29 Sep 2026; individual workshops may set their own exact contribution deadline within this framework.,2026-08-29,https://neurips.cc/Conferences/2026/CallForWorkshops,Participation requires NeurIPS 2026 workshop registration. Official pricing is category- and location-dependent through the NeurIPS pricing calculator; guest workshop reception tickets are US$100.,https://neurips.cc/Conferences/2026/Pricing,"One-day in-person workshop within the NeurIPS 2026 workshop programme. NeurIPS requires approximately 7–9 hours of content with substantial discussion time; workshops commonly include invited talks, contributed presentations, posters, panels and community discussion.",Not yet announced,NeurIPS 2026 Workshop Chairs: Ghada Zamzmi; Elisa Ricci; Shao-Hua Sun; Khoa Doan; Theodore Papamarkou; Piotr Koniusz. Workshop-chair assistants: Nina Corvelo Benz; Junhao Dong.,"NeurIPS Foundation is the parent event organization. NeurIPS maintains an official sponsor/exhibitor programme, and individual workshops may seek external sponsor support for speakers or workshop activities under NeurIPS rules.",https://neurips.cc/media/Press/NeurIPS_logo.png,
"Dynamics at the Frontiers of Optimization, Sampling, and Games — NeurIPS 2026",2026-12-11,2026-12-13,Sydney / Paris / Atlanta,Australia / France / United States,Not yet announced,"Official NeurIPS housing is available for Sydney, Atlanta and Paris. Paris uses Revolugo as official housing partner; Sydney and Atlanta accommodation is coordinated through the NeurIPS hotel programme.",NeurIPS Foundation / NeurIPS 2026 Workshop Program,"Official NeurIPS 2026 workshop focused on Dynamics at the Frontiers of Optimization, Sampling, and Games. It is part of the accepted NeurIPS workshop programme spanning current and emerging topics in machine learning and artificial intelligence.",https://neurips.cc/,https://neurips.cc/Downloads/2026,NeurIPS 2026 workshops follow the official workshop contribution framework: suggested submission date 29 Aug 2026 and mandatory accept/reject notification by 29 Sep 2026; individual workshops may set their own exact contribution deadline within this framework.,2026-08-29,https://neurips.cc/Conferences/2026/CallForWorkshops,Participation requires NeurIPS 2026 workshop registration. Official pricing is category- and location-dependent through the NeurIPS pricing calculator; guest workshop reception tickets are US$100.,https://neurips.cc/Conferences/2026/Pricing,"One-day in-person workshop within the NeurIPS 2026 workshop programme. NeurIPS requires approximately 7–9 hours of content with substantial discussion time; workshops commonly include invited talks, contributed presentations, posters, panels and community discussion.",Not yet announced,NeurIPS 2026 Workshop Chairs: Ghada Zamzmi; Elisa Ricci; Shao-Hua Sun; Khoa Doan; Theodore Papamarkou; Piotr Koniusz. Workshop-chair assistants: Nina Corvelo Benz; Junhao Dong.,"NeurIPS Foundation is the parent event organization. NeurIPS maintains an official sponsor/exhibitor programme, and individual workshops may seek external sponsor support for speakers or workshop activities under NeurIPS rules.",https://neurips.cc/media/Press/NeurIPS_logo.png,
E-Values: From Statistics to ML — NeurIPS 2026,2026-12-11,2026-12-13,Sydney / Paris / Atlanta,Australia / France / United States,Not yet announced,"Official NeurIPS housing is available for Sydney, Atlanta and Paris. Paris uses Revolugo as official housing partner; Sydney and Atlanta accommodation is coordinated through the NeurIPS hotel programme.",NeurIPS Foundation / NeurIPS 2026 Workshop Program,Official NeurIPS 2026 workshop focused on E-Values: From Statistics to ML. It is part of the accepted NeurIPS workshop programme spanning current and emerging topics in machine learning and artificial intelligence.,https://neurips.cc/,https://neurips.cc/Downloads/2026,NeurIPS 2026 workshops follow the official workshop contribution framework: suggested submission date 29 Aug 2026 and mandatory accept/reject notification by 29 Sep 2026; individual workshops may set their own exact contribution deadline within this framework.,2026-08-29,https://neurips.cc/Conferences/2026/CallForWorkshops,Participation requires NeurIPS 2026 workshop registration. Official pricing is category- and location-dependent through the NeurIPS pricing calculator; guest workshop reception tickets are US$100.,https://neurips.cc/Conferences/2026/Pricing,"One-day in-person workshop within the NeurIPS 2026 workshop programme. NeurIPS requires approximately 7–9 hours of content with substantial discussion time; workshops commonly include invited talks, contributed presentations, posters, panels and community discussion.",Not yet announced,NeurIPS 2026 Workshop Chairs: Ghada Zamzmi; Elisa Ricci; Shao-Hua Sun; Khoa Doan; Theodore Papamarkou; Piotr Koniusz. Workshop-chair assistants: Nina Corvelo Benz; Junhao Dong.,"NeurIPS Foundation is the parent event organization. NeurIPS maintains an official sponsor/exhibitor programme, and individual workshops may seek external sponsor support for speakers or workshop activities under NeurIPS rules.",https://neurips.cc/media/Press/NeurIPS_logo.png,
EconML: Economics for Machine Learning — NeurIPS 2026,2026-12-11,2026-12-13,Sydney / Paris / Atlanta,Australia / France / United States,Not yet announced,"Official NeurIPS housing is available for Sydney, Atlanta and Paris. Paris uses Revolugo as official housing partner; Sydney and Atlanta accommodation is coordinated through the NeurIPS hotel programme.",NeurIPS Foundation / NeurIPS 2026 Workshop Program,Official NeurIPS 2026 workshop focused on EconML: Economics for Machine Learning. It is part of the accepted NeurIPS workshop programme spanning current and emerging topics in machine learning and artificial intelligence.,https://neurips.cc/,https://neurips.cc/Downloads/2026,NeurIPS 2026 workshops follow the official workshop contribution framework: suggested submission date 29 Aug 2026 and mandatory accept/reject notification by 29 Sep 2026; individual workshops may set their own exact contribution deadline within this framework.,2026-08-29,https://neurips.cc/Conferences/2026/CallForWorkshops,Participation requires NeurIPS 2026 workshop registration. Official pricing is category- and location-dependent through the NeurIPS pricing calculator; guest workshop reception tickets are US$100.,https://neurips.cc/Conferences/2026/Pricing,"One-day in-person workshop within the NeurIPS 2026 workshop programme. NeurIPS requires approximately 7–9 hours of content with substantial discussion time; workshops commonly include invited talks, contributed presentations, posters, panels and community discussion.",Not yet announced,NeurIPS 2026 Workshop Chairs: Ghada Zamzmi; Elisa Ricci; Shao-Hua Sun; Khoa Doan; Theodore Papamarkou; Piotr Koniusz. Workshop-chair assistants: Nina Corvelo Benz; Junhao Dong.,"NeurIPS Foundation is the parent event organization. NeurIPS maintains an official sponsor/exhibitor programme, and individual workshops may seek external sponsor support for speakers or workshop activities under NeurIPS rules.",https://neurips.cc/media/Press/NeurIPS_logo.png,
Economics of Generative AI — NeurIPS 2026,2026-12-11,2026-12-13,Sydney / Paris / Atlanta,Australia / France / United States,Not yet announced,"Official NeurIPS housing is available for Sydney, Atlanta and Paris. Paris uses Revolugo as official housing partner; Sydney and Atlanta accommodation is coordinated through the NeurIPS hotel programme.",NeurIPS Foundation / NeurIPS 2026 Workshop Program,Official NeurIPS 2026 workshop focused on Economics of Generative AI. It is part of the accepted NeurIPS workshop programme spanning current and emerging topics in machine learning and artificial intelligence.,https://neurips.cc/,https://neurips.cc/Downloads/2026,NeurIPS 2026 workshops follow the official workshop contribution framework: suggested submission date 29 Aug 2026 and mandatory accept/reject notification by 29 Sep 2026; individual workshops may set their own exact contribution deadline within this framework.,2026-08-29,https://neurips.cc/Conferences/2026/CallForWorkshops,Participation requires NeurIPS 2026 workshop registration. Official pricing is category- and location-dependent through the NeurIPS pricing calculator; guest workshop reception tickets are US$100.,https://neurips.cc/Conferences/2026/Pricing,"One-day in-person workshop within the NeurIPS 2026 workshop programme. NeurIPS requires approximately 7–9 hours of content with substantial discussion time; workshops commonly include invited talks, contributed presentations, posters, panels and community discussion.",Not yet announced,NeurIPS 2026 Workshop Chairs: Ghada Zamzmi; Elisa Ricci; Shao-Hua Sun; Khoa Doan; Theodore Papamarkou; Piotr Koniusz. Workshop-chair assistants: Nina Corvelo Benz; Junhao Dong.,"NeurIPS Foundation is the parent event organization. NeurIPS maintains an official sponsor/exhibitor programme, and individual workshops may seek external sponsor support for speakers or workshop activities under NeurIPS rules.",https://neurips.cc/media/Press/NeurIPS_logo.png,
ELLIS Workshop on the Foundations of LLM Post-Training in Changing Environments — NeurIPS 2026,2026-12-11,2026-12-13,Sydney / Paris / Atlanta,Australia / France / United States,Not yet announced,"Official NeurIPS housing is available for Sydney, Atlanta and Paris. Paris uses Revolugo as official housing partner; Sydney and Atlanta accommodation is coordinated through the NeurIPS hotel programme.",NeurIPS Foundation / NeurIPS 2026 Workshop Program,Official NeurIPS 2026 workshop focused on ELLIS Workshop on the Foundations of LLM Post-Training in Changing Environments. It is part of the accepted NeurIPS workshop programme spanning current and emerging topics in machine learning and artificial intelligence.,https://neurips.cc/,https://neurips.cc/Downloads/2026,NeurIPS 2026 workshops follow the official workshop contribution framework: suggested submission date 29 Aug 2026 and mandatory accept/reject notification by 29 Sep 2026; individual workshops may set their own exact contribution deadline within this framework.,2026-08-29,https://neurips.cc/Conferences/2026/CallForWorkshops,Participation requires NeurIPS 2026 workshop registration. Official pricing is category- and location-dependent through the NeurIPS pricing calculator; guest workshop reception tickets are US$100.,https://neurips.cc/Conferences/2026/Pricing,"One-day in-person workshop within the NeurIPS 2026 workshop programme. NeurIPS requires approximately 7–9 hours of content with substantial discussion time; workshops commonly include invited talks, contributed presentations, posters, panels and community discussion.",Not yet announced,NeurIPS 2026 Workshop Chairs: Ghada Zamzmi; Elisa Ricci; Shao-Hua Sun; Khoa Doan; Theodore Papamarkou; Piotr Koniusz. Workshop-chair assistants: Nina Corvelo Benz; Junhao Dong.,"NeurIPS Foundation is the parent event organization. NeurIPS maintains an official sponsor/exhibitor programme, and individual workshops may seek external sponsor support for speakers or workshop activities under NeurIPS rules.",https://neurips.cc/media/Press/NeurIPS_logo.png,
Empirical Design in Reinforcement Learning for Physical AI — NeurIPS 2026,2026-12-11,2026-12-13,Sydney / Paris / Atlanta,Australia / France / United States,Not yet announced,"Official NeurIPS housing is available for Sydney, Atlanta and Paris. Paris uses Revolugo as official housing partner; Sydney and Atlanta accommodation is coordinated through the NeurIPS hotel programme.",NeurIPS Foundation / NeurIPS 2026 Workshop Program,Official NeurIPS 2026 workshop focused on Empirical Design in Reinforcement Learning for Physical AI. It is part of the accepted NeurIPS workshop programme spanning current and emerging topics in machine learning and artificial intelligence.,https://neurips.cc/,https://neurips.cc/Downloads/2026,NeurIPS 2026 workshops follow the official workshop contribution framework: suggested submission date 29 Aug 2026 and mandatory accept/reject notification by 29 Sep 2026; individual workshops may set their own exact contribution deadline within this framework.,2026-08-29,https://neurips.cc/Conferences/2026/CallForWorkshops,Participation requires NeurIPS 2026 workshop registration. Official pricing is category- and location-dependent through the NeurIPS pricing calculator; guest workshop reception tickets are US$100.,https://neurips.cc/Conferences/2026/Pricing,"One-day in-person workshop within the NeurIPS 2026 workshop programme. NeurIPS requires approximately 7–9 hours of content with substantial discussion time; workshops commonly include invited talks, contributed presentations, posters, panels and community discussion.",Not yet announced,NeurIPS 2026 Workshop Chairs: Ghada Zamzmi; Elisa Ricci; Shao-Hua Sun; Khoa Doan; Theodore Papamarkou; Piotr Koniusz. Workshop-chair assistants: Nina Corvelo Benz; Junhao Dong.,"NeurIPS Foundation is the parent event organization. NeurIPS maintains an official sponsor/exhibitor programme, and individual workshops may seek external sponsor support for speakers or workshop activities under NeurIPS rules.",https://neurips.cc/media/Press/NeurIPS_logo.png,
Formal Guarantees for Frontier AI Systems — NeurIPS 2026,2026-12-11,2026-12-13,Sydney / Paris / Atlanta,Australia / France / United States,Not yet announced,"Official NeurIPS housing is available for Sydney, Atlanta and Paris. Paris uses Revolugo as official housing partner; Sydney and Atlanta accommodation is coordinated through the NeurIPS hotel programme.",NeurIPS Foundation / NeurIPS 2026 Workshop Program,Official NeurIPS 2026 workshop focused on Formal Guarantees for Frontier AI Systems. It is part of the accepted NeurIPS workshop programme spanning current and emerging topics in machine learning and artificial intelligence.,https://neurips.cc/,https://neurips.cc/Downloads/2026,NeurIPS 2026 workshops follow the official workshop contribution framework: suggested submission date 29 Aug 2026 and mandatory accept/reject notification by 29 Sep 2026; individual workshops may set their own exact contribution deadline within this framework.,2026-08-29,https://neurips.cc/Conferences/2026/CallForWorkshops,Participation requires NeurIPS 2026 workshop registration. Official pricing is category- and location-dependent through the NeurIPS pricing calculator; guest workshop reception tickets are US$100.,https://neurips.cc/Conferences/2026/Pricing,"One-day in-person workshop within the NeurIPS 2026 workshop programme. NeurIPS requires approximately 7–9 hours of content with substantial discussion time; workshops commonly include invited talks, contributed presentations, posters, panels and community discussion.",Not yet announced,NeurIPS 2026 Workshop Chairs: Ghada Zamzmi; Elisa Ricci; Shao-Hua Sun; Khoa Doan; Theodore Papamarkou; Piotr Koniusz. Workshop-chair assistants: Nina Corvelo Benz; Junhao Dong.,"NeurIPS Foundation is the parent event organization. NeurIPS maintains an official sponsor/exhibitor programme, and individual workshops may seek external sponsor support for speakers or workshop activities under NeurIPS rules.",https://neurips.cc/media/Press/NeurIPS_logo.png,
Foundation Models for Temporal Systems: From Forecasting to World Modeling — NeurIPS 2026,2026-12-11,2026-12-13,Sydney / Paris / Atlanta,Australia / France / United States,Not yet announced,"Official NeurIPS housing is available for Sydney, Atlanta and Paris. Paris uses Revolugo as official housing partner; Sydney and Atlanta accommodation is coordinated through the NeurIPS hotel programme.",NeurIPS Foundation / NeurIPS 2026 Workshop Program,Official NeurIPS 2026 workshop focused on Foundation Models for Temporal Systems: From Forecasting to World Modeling. It is part of the accepted NeurIPS workshop programme spanning current and emerging topics in machine learning and artificial intelligence.,https://neurips.cc/,https://neurips.cc/Downloads/2026,NeurIPS 2026 workshops follow the official workshop contribution framework: suggested submission date 29 Aug 2026 and mandatory accept/reject notification by 29 Sep 2026; individual workshops may set their own exact contribution deadline within this framework.,2026-08-29,https://neurips.cc/Conferences/2026/CallForWorkshops,Participation requires NeurIPS 2026 workshop registration. Official pricing is category- and location-dependent through the NeurIPS pricing calculator; guest workshop reception tickets are US$100.,https://neurips.cc/Conferences/2026/Pricing,"One-day in-person workshop within the NeurIPS 2026 workshop programme. NeurIPS requires approximately 7–9 hours of content with substantial discussion time; workshops commonly include invited talks, contributed presentations, posters, panels and community discussion.",Not yet announced,NeurIPS 2026 Workshop Chairs: Ghada Zamzmi; Elisa Ricci; Shao-Hua Sun; Khoa Doan; Theodore Papamarkou; Piotr Koniusz. Workshop-chair assistants: Nina Corvelo Benz; Junhao Dong.,"NeurIPS Foundation is the parent event organization. NeurIPS maintains an official sponsor/exhibitor programme, and individual workshops may seek external sponsor support for speakers or workshop activities under NeurIPS rules.",https://neurips.cc/media/Press/NeurIPS_logo.png,
Foundation Models for the Brain and Body — NeurIPS 2026,2026-12-11,2026-12-13,Sydney / Paris / Atlanta,Australia / France / United States,Not yet announced,"Official NeurIPS housing is available for Sydney, Atlanta and Paris. Paris uses Revolugo as official housing partner; Sydney and Atlanta accommodation is coordinated through the NeurIPS hotel programme.",NeurIPS Foundation / NeurIPS 2026 Workshop Program,Official NeurIPS 2026 workshop focused on Foundation Models for the Brain and Body. It is part of the accepted NeurIPS workshop programme spanning current and emerging topics in machine learning and artificial intelligence.,https://neurips.cc/,https://neurips.cc/Downloads/2026,NeurIPS 2026 workshops follow the official workshop contribution framework: suggested submission date 29 Aug 2026 and mandatory accept/reject notification by 29 Sep 2026; individual workshops may set their own exact contribution deadline within this framework.,2026-08-29,https://neurips.cc/Conferences/2026/CallForWorkshops,Participation requires NeurIPS 2026 workshop registration. Official pricing is category- and location-dependent through the NeurIPS pricing calculator; guest workshop reception tickets are US$100.,https://neurips.cc/Conferences/2026/Pricing,"One-day in-person workshop within the NeurIPS 2026 workshop programme. NeurIPS requires approximately 7–9 hours of content with substantial discussion time; workshops commonly include invited talks, contributed presentations, posters, panels and community discussion.",Not yet announced,NeurIPS 2026 Workshop Chairs: Ghada Zamzmi; Elisa Ricci; Shao-Hua Sun; Khoa Doan; Theodore Papamarkou; Piotr Koniusz. Workshop-chair assistants: Nina Corvelo Benz; Junhao Dong.,"NeurIPS Foundation is the parent event organization. NeurIPS maintains an official sponsor/exhibitor programme, and individual workshops may seek external sponsor support for speakers or workshop activities under NeurIPS rules.",https://neurips.cc/media/Press/NeurIPS_logo.png,
Foundations of Agentic Systems Theory (FAST) — NeurIPS 2026,2026-12-11,2026-12-13,Sydney / Paris / Atlanta,Australia / France / United States,Not yet announced,"Official NeurIPS housing is available for Sydney, Atlanta and Paris. Paris uses Revolugo as official housing partner; Sydney and Atlanta accommodation is coordinated through the NeurIPS hotel programme.",NeurIPS Foundation / NeurIPS 2026 Workshop Program,Official NeurIPS 2026 workshop focused on Foundations of Agentic Systems Theory (FAST). It is part of the accepted NeurIPS workshop programme spanning current and emerging topics in machine learning and artificial intelligence.,https://neurips.cc/,https://neurips.cc/Downloads/2026,NeurIPS 2026 workshops follow the official workshop contribution framework: suggested submission date 29 Aug 2026 and mandatory accept/reject notification by 29 Sep 2026; individual workshops may set their own exact contribution deadline within this framework.,2026-08-29,https://neurips.cc/Conferences/2026/CallForWorkshops,Participation requires NeurIPS 2026 workshop registration. Official pricing is category- and location-dependent through the NeurIPS pricing calculator; guest workshop reception tickets are US$100.,https://neurips.cc/Conferences/2026/Pricing,"One-day in-person workshop within the NeurIPS 2026 workshop programme. NeurIPS requires approximately 7–9 hours of content with substantial discussion time; workshops commonly include invited talks, contributed presentations, posters, panels and community discussion.",Not yet announced,NeurIPS 2026 Workshop Chairs: Ghada Zamzmi; Elisa Ricci; Shao-Hua Sun; Khoa Doan; Theodore Papamarkou; Piotr Koniusz. Workshop-chair assistants: Nina Corvelo Benz; Junhao Dong.,"NeurIPS Foundation is the parent event organization. NeurIPS maintains an official sponsor/exhibitor programme, and individual workshops may seek external sponsor support for speakers or workshop activities under NeurIPS rules.",https://neurips.cc/media/Press/NeurIPS_logo.png,
"Foundations of Language Model Security: Theory, Practice, and Fundamental Limits — NeurIPS 2026",2026-12-11,2026-12-13,Sydney / Paris / Atlanta,Australia / France / United States,Not yet announced,"Official NeurIPS housing is available for Sydney, Atlanta and Paris. Paris uses Revolugo as official housing partner; Sydney and Atlanta accommodation is coordinated through the NeurIPS hotel programme.",NeurIPS Foundation / NeurIPS 2026 Workshop Program,"Official NeurIPS 2026 workshop focused on Foundations of Language Model Security: Theory, Practice, and Fundamental Limits. It is part of the accepted NeurIPS workshop programme spanning current and emerging topics in machine learning and artificial intelligence.",https://neurips.cc/,https://neurips.cc/Downloads/2026,NeurIPS 2026 workshops follow the official workshop contribution framework: suggested submission date 29 Aug 2026 and mandatory accept/reject notification by 29 Sep 2026; individual workshops may set their own exact contribution deadline within this framework.,2026-08-29,https://neurips.cc/Conferences/2026/CallForWorkshops,Participation requires NeurIPS 2026 workshop registration. Official pricing is category- and location-dependent through the NeurIPS pricing calculator; guest workshop reception tickets are US$100.,https://neurips.cc/Conferences/2026/Pricing,"One-day in-person workshop within the NeurIPS 2026 workshop programme. NeurIPS requires approximately 7–9 hours of content with substantial discussion time; workshops commonly include invited talks, contributed presentations, posters, panels and community discussion.",Not yet announced,NeurIPS 2026 Workshop Chairs: Ghada Zamzmi; Elisa Ricci; Shao-Hua Sun; Khoa Doan; Theodore Papamarkou; Piotr Koniusz. Workshop-chair assistants: Nina Corvelo Benz; Junhao Dong.,"NeurIPS Foundation is the parent event organization. NeurIPS maintains an official sponsor/exhibitor programme, and individual workshops may seek external sponsor support for speakers or workshop activities under NeurIPS rules.",https://neurips.cc/media/Press/NeurIPS_logo.png,
From Heuristics to Guarantees: Bandit and RL Blueprint for Reliable Agentic-AI — NeurIPS 2026,2026-12-11,2026-12-13,Sydney / Paris / Atlanta,Australia / France / United States,Not yet announced,"Official NeurIPS housing is available for Sydney, Atlanta and Paris. Paris uses Revolugo as official housing partner; Sydney and Atlanta accommodation is coordinated through the NeurIPS hotel programme.",NeurIPS Foundation / NeurIPS 2026 Workshop Program,Official NeurIPS 2026 workshop focused on From Heuristics to Guarantees: Bandit and RL Blueprint for Reliable Agentic-AI. It is part of the accepted NeurIPS workshop programme spanning current and emerging topics in machine learning and artificial intelligence.,https://neurips.cc/,https://neurips.cc/Downloads/2026,NeurIPS 2026 workshops follow the official workshop contribution framework: suggested submission date 29 Aug 2026 and mandatory accept/reject notification by 29 Sep 2026; individual workshops may set their own exact contribution deadline within this framework.,2026-08-29,https://neurips.cc/Conferences/2026/CallForWorkshops,Participation requires NeurIPS 2026 workshop registration. Official pricing is category- and location-dependent through the NeurIPS pricing calculator; guest workshop reception tickets are US$100.,https://neurips.cc/Conferences/2026/Pricing,"One-day in-person workshop within the NeurIPS 2026 workshop programme. NeurIPS requires approximately 7–9 hours of content with substantial discussion time; workshops commonly include invited talks, contributed presentations, posters, panels and community discussion.",Not yet announced,NeurIPS 2026 Workshop Chairs: Ghada Zamzmi; Elisa Ricci; Shao-Hua Sun; Khoa Doan; Theodore Papamarkou; Piotr Koniusz. Workshop-chair assistants: Nina Corvelo Benz; Junhao Dong.,"NeurIPS Foundation is the parent event organization. NeurIPS maintains an official sponsor/exhibitor programme, and individual workshops may seek external sponsor support for speakers or workshop activities under NeurIPS rules.",https://neurips.cc/media/Press/NeurIPS_logo.png,
From Scores to Evidence: Robust Evaluation of Foundation Models — NeurIPS 2026,2026-12-11,2026-12-13,Sydney / Paris / Atlanta,Australia / France / United States,Not yet announced,"Official NeurIPS housing is available for Sydney, Atlanta and Paris. Paris uses Revolugo as official housing partner; Sydney and Atlanta accommodation is coordinated through the NeurIPS hotel programme.",NeurIPS Foundation / NeurIPS 2026 Workshop Program,Official NeurIPS 2026 workshop focused on From Scores to Evidence: Robust Evaluation of Foundation Models. It is part of the accepted NeurIPS workshop programme spanning current and emerging topics in machine learning and artificial intelligence.,https://neurips.cc/,https://neurips.cc/Downloads/2026,NeurIPS 2026 workshops follow the official workshop contribution framework: suggested submission date 29 Aug 2026 and mandatory accept/reject notification by 29 Sep 2026; individual workshops may set their own exact contribution deadline within this framework.,2026-08-29,https://neurips.cc/Conferences/2026/CallForWorkshops,Participation requires NeurIPS 2026 workshop registration. Official pricing is category- and location-dependent through the NeurIPS pricing calculator; guest workshop reception tickets are US$100.,https://neurips.cc/Conferences/2026/Pricing,"One-day in-person workshop within the NeurIPS 2026 workshop programme. NeurIPS requires approximately 7–9 hours of content with substantial discussion time; workshops commonly include invited talks, contributed presentations, posters, panels and community discussion.",Not yet announced,NeurIPS 2026 Workshop Chairs: Ghada Zamzmi; Elisa Ricci; Shao-Hua Sun; Khoa Doan; Theodore Papamarkou; Piotr Koniusz. Workshop-chair assistants: Nina Corvelo Benz; Junhao Dong.,"NeurIPS Foundation is the parent event organization. NeurIPS maintains an official sponsor/exhibitor programme, and individual workshops may seek external sponsor support for speakers or workshop activities under NeurIPS rules.",https://neurips.cc/media/Press/NeurIPS_logo.png,
"Generalization for Time Series in Tight Settings: Latency, Inference, Memory, Privacy and Sustainability (TS-LIMITS) — NeurIPS 2026",2026-12-11,2026-12-13,Sydney / Paris / Atlanta,Australia / France / United States,Not yet announced,"Official NeurIPS housing is available for Sydney, Atlanta and Paris. Paris uses Revolugo as official housing partner; Sydney and Atlanta accommodation is coordinated through the NeurIPS hotel programme.",NeurIPS Foundation / NeurIPS 2026 Workshop Program,"Official NeurIPS 2026 workshop focused on Generalization for Time Series in Tight Settings: Latency, Inference, Memory, Privacy and Sustainability (TS-LIMITS). It is part of the accepted NeurIPS workshop programme spanning current and emerging topics in machine learning and artificial intelligence.",https://neurips.cc/,https://neurips.cc/Downloads/2026,NeurIPS 2026 workshops follow the official workshop contribution framework: suggested submission date 29 Aug 2026 and mandatory accept/reject notification by 29 Sep 2026; individual workshops may set their own exact contribution deadline within this framework.,2026-08-29,https://neurips.cc/Conferences/2026/CallForWorkshops,Participation requires NeurIPS 2026 workshop registration. Official pricing is category- and location-dependent through the NeurIPS pricing calculator; guest workshop reception tickets are US$100.,https://neurips.cc/Conferences/2026/Pricing,"One-day in-person workshop within the NeurIPS 2026 workshop programme. NeurIPS requires approximately 7–9 hours of content with substantial discussion time; workshops commonly include invited talks, contributed presentations, posters, panels and community discussion.",Not yet announced,NeurIPS 2026 Workshop Chairs: Ghada Zamzmi; Elisa Ricci; Shao-Hua Sun; Khoa Doan; Theodore Papamarkou; Piotr Koniusz. Workshop-chair assistants: Nina Corvelo Benz; Junhao Dong.,"NeurIPS Foundation is the parent event organization. NeurIPS maintains an official sponsor/exhibitor programme, and individual workshops may seek external sponsor support for speakers or workshop activities under NeurIPS rules.",https://neurips.cc/media/Press/NeurIPS_logo.png,
Generative AI and Stochastic Thermodynamics: A Tale of Free Energies — NeurIPS 2026,2026-12-11,2026-12-13,Sydney / Paris / Atlanta,Australia / France / United States,Not yet announced,"Official NeurIPS housing is available for Sydney, Atlanta and Paris. Paris uses Revolugo as official housing partner; Sydney and Atlanta accommodation is coordinated through the NeurIPS hotel programme.",NeurIPS Foundation / NeurIPS 2026 Workshop Program,Official NeurIPS 2026 workshop focused on Generative AI and Stochastic Thermodynamics: A Tale of Free Energies. It is part of the accepted NeurIPS workshop programme spanning current and emerging topics in machine learning and artificial intelligence.,https://neurips.cc/,https://neurips.cc/Downloads/2026,NeurIPS 2026 workshops follow the official workshop contribution framework: suggested submission date 29 Aug 2026 and mandatory accept/reject notification by 29 Sep 2026; individual workshops may set their own exact contribution deadline within this framework.,2026-08-29,https://neurips.cc/Conferences/2026/CallForWorkshops,Participation requires NeurIPS 2026 workshop registration. Official pricing is category- and location-dependent through the NeurIPS pricing calculator; guest workshop reception tickets are US$100.,https://neurips.cc/Conferences/2026/Pricing,"One-day in-person workshop within the NeurIPS 2026 workshop programme. NeurIPS requires approximately 7–9 hours of content with substantial discussion time; workshops commonly include invited talks, contributed presentations, posters, panels and community discussion.",Not yet announced,NeurIPS 2026 Workshop Chairs: Ghada Zamzmi; Elisa Ricci; Shao-Hua Sun; Khoa Doan; Theodore Papamarkou; Piotr Koniusz. Workshop-chair assistants: Nina Corvelo Benz; Junhao Dong.,"NeurIPS Foundation is the parent event organization. NeurIPS maintains an official sponsor/exhibitor programme, and individual workshops may seek external sponsor support for speakers or workshop activities under NeurIPS rules.",https://neurips.cc/media/Press/NeurIPS_logo.png,
Grounded and Faithful Vision-Language Models for Real-World Deployment — NeurIPS 2026,2026-12-11,2026-12-13,Sydney / Paris / Atlanta,Australia / France / United States,Not yet announced,"Official NeurIPS housing is available for Sydney, Atlanta and Paris. Paris uses Revolugo as official housing partner; Sydney and Atlanta accommodation is coordinated through the NeurIPS hotel programme.",NeurIPS Foundation / NeurIPS 2026 Workshop Program,Official NeurIPS 2026 workshop focused on Grounded and Faithful Vision-Language Models for Real-World Deployment. It is part of the accepted NeurIPS workshop programme spanning current and emerging topics in machine learning and artificial intelligence.,https://neurips.cc/,https://neurips.cc/Downloads/2026,NeurIPS 2026 workshops follow the official workshop contribution framework: suggested submission date 29 Aug 2026 and mandatory accept/reject notification by 29 Sep 2026; individual workshops may set their own exact contribution deadline within this framework.,2026-08-29,https://neurips.cc/Conferences/2026/CallForWorkshops,Participation requires NeurIPS 2026 workshop registration. Official pricing is category- and location-dependent through the NeurIPS pricing calculator; guest workshop reception tickets are US$100.,https://neurips.cc/Conferences/2026/Pricing,"One-day in-person workshop within the NeurIPS 2026 workshop programme. NeurIPS requires approximately 7–9 hours of content with substantial discussion time; workshops commonly include invited talks, contributed presentations, posters, panels and community discussion.",Not yet announced,NeurIPS 2026 Workshop Chairs: Ghada Zamzmi; Elisa Ricci; Shao-Hua Sun; Khoa Doan; Theodore Papamarkou; Piotr Koniusz. Workshop-chair assistants: Nina Corvelo Benz; Junhao Dong.,"NeurIPS Foundation is the parent event organization. NeurIPS maintains an official sponsor/exhibitor programme, and individual workshops may seek external sponsor support for speakers or workshop activities under NeurIPS rules.",https://neurips.cc/media/Press/NeurIPS_logo.png,
"Grounded User Simulation for Model Evaluation and Training: Diversity, Fidelity, and Validity — NeurIPS 2026",2026-12-11,2026-12-13,Sydney / Paris / Atlanta,Australia / France / United States,Not yet announced,"Official NeurIPS housing is available for Sydney, Atlanta and Paris. Paris uses Revolugo as official housing partner; Sydney and Atlanta accommodation is coordinated through the NeurIPS hotel programme.",NeurIPS Foundation / NeurIPS 2026 Workshop Program,"Official NeurIPS 2026 workshop focused on Grounded User Simulation for Model Evaluation and Training: Diversity, Fidelity, and Validity. It is part of the accepted NeurIPS workshop programme spanning current and emerging topics in machine learning and artificial intelligence.",https://neurips.cc/,https://neurips.cc/Downloads/2026,NeurIPS 2026 workshops follow the official workshop contribution framework: suggested submission date 29 Aug 2026 and mandatory accept/reject notification by 29 Sep 2026; individual workshops may set their own exact contribution deadline within this framework.,2026-08-29,https://neurips.cc/Conferences/2026/CallForWorkshops,Participation requires NeurIPS 2026 workshop registration. Official pricing is category- and location-dependent through the NeurIPS pricing calculator; guest workshop reception tickets are US$100.,https://neurips.cc/Conferences/2026/Pricing,"One-day in-person workshop within the NeurIPS 2026 workshop programme. NeurIPS requires approximately 7–9 hours of content with substantial discussion time; workshops commonly include invited talks, contributed presentations, posters, panels and community discussion.",Not yet announced,NeurIPS 2026 Workshop Chairs: Ghada Zamzmi; Elisa Ricci; Shao-Hua Sun; Khoa Doan; Theodore Papamarkou; Piotr Koniusz. Workshop-chair assistants: Nina Corvelo Benz; Junhao Dong.,"NeurIPS Foundation is the parent event organization. NeurIPS maintains an official sponsor/exhibitor programme, and individual workshops may seek external sponsor support for speakers or workshop activities under NeurIPS rules.",https://neurips.cc/media/Press/NeurIPS_logo.png,
Human-AI Coevolution: Measuring Human-Agent Teams in the Agentic Era — NeurIPS 2026,2026-12-11,2026-12-13,Sydney / Paris / Atlanta,Australia / France / United States,Not yet announced,"Official NeurIPS housing is available for Sydney, Atlanta and Paris. Paris uses Revolugo as official housing partner; Sydney and Atlanta accommodation is coordinated through the NeurIPS hotel programme.",NeurIPS Foundation / NeurIPS 2026 Workshop Program,Official NeurIPS 2026 workshop focused on Human-AI Coevolution: Measuring Human-Agent Teams in the Agentic Era. It is part of the accepted NeurIPS workshop programme spanning current and emerging topics in machine learning and artificial intelligence.,https://neurips.cc/,https://neurips.cc/Downloads/2026,NeurIPS 2026 workshops follow the official workshop contribution framework: suggested submission date 29 Aug 2026 and mandatory accept/reject notification by 29 Sep 2026; individual workshops may set their own exact contribution deadline within this framework.,2026-08-29,https://neurips.cc/Conferences/2026/CallForWorkshops,Participation requires NeurIPS 2026 workshop registration. Official pricing is category- and location-dependent through the NeurIPS pricing calculator; guest workshop reception tickets are US$100.,https://neurips.cc/Conferences/2026/Pricing,"One-day in-person workshop within the NeurIPS 2026 workshop programme. NeurIPS requires approximately 7–9 hours of content with substantial discussion time; workshops commonly include invited talks, contributed presentations, posters, panels and community discussion.",Not yet announced,NeurIPS 2026 Workshop Chairs: Ghada Zamzmi; Elisa Ricci; Shao-Hua Sun; Khoa Doan; Theodore Papamarkou; Piotr Koniusz. Workshop-chair assistants: Nina Corvelo Benz; Junhao Dong.,"NeurIPS Foundation is the parent event organization. NeurIPS maintains an official sponsor/exhibitor programme, and individual workshops may seek external sponsor support for speakers or workshop activities under NeurIPS rules.",https://neurips.cc/media/Press/NeurIPS_logo.png,
I Can’t Believe It’s Not Better (ICBINB): Failure Modes of AI in Biology — NeurIPS 2026,2026-12-11,2026-12-13,Sydney / Paris / Atlanta,Australia / France / United States,Not yet announced,"Official NeurIPS housing is available for Sydney, Atlanta and Paris. Paris uses Revolugo as official housing partner; Sydney and Atlanta accommodation is coordinated through the NeurIPS hotel programme.",NeurIPS Foundation / NeurIPS 2026 Workshop Program,Official NeurIPS 2026 workshop focused on I Can’t Believe It’s Not Better (ICBINB): Failure Modes of AI in Biology. It is part of the accepted NeurIPS workshop programme spanning current and emerging topics in machine learning and artificial intelligence.,https://neurips.cc/,https://neurips.cc/Downloads/2026,NeurIPS 2026 workshops follow the official workshop contribution framework: suggested submission date 29 Aug 2026 and mandatory accept/reject notification by 29 Sep 2026; individual workshops may set their own exact contribution deadline within this framework.,2026-08-29,https://neurips.cc/Conferences/2026/CallForWorkshops,Participation requires NeurIPS 2026 workshop registration. Official pricing is category- and location-dependent through the NeurIPS pricing calculator; guest workshop reception tickets are US$100.,https://neurips.cc/Conferences/2026/Pricing,"One-day in-person workshop within the NeurIPS 2026 workshop programme. NeurIPS requires approximately 7–9 hours of content with substantial discussion time; workshops commonly include invited talks, contributed presentations, posters, panels and community discussion.",Not yet announced,NeurIPS 2026 Workshop Chairs: Ghada Zamzmi; Elisa Ricci; Shao-Hua Sun; Khoa Doan; Theodore Papamarkou; Piotr Koniusz. Workshop-chair assistants: Nina Corvelo Benz; Junhao Dong.,"NeurIPS Foundation is the parent event organization. NeurIPS maintains an official sponsor/exhibitor programme, and individual workshops may seek external sponsor support for speakers or workshop activities under NeurIPS rules.",https://neurips.cc/media/Press/NeurIPS_logo.png,
Integrating Generative and Experimental Platforms for Biomolecular Design (GEM) — NeurIPS 2026,2026-12-11,2026-12-13,Sydney / Paris / Atlanta,Australia / France / United States,Not yet announced,"Official NeurIPS housing is available for Sydney, Atlanta and Paris. Paris uses Revolugo as official housing partner; Sydney and Atlanta accommodation is coordinated through the NeurIPS hotel programme.",NeurIPS Foundation / NeurIPS 2026 Workshop Program,Official NeurIPS 2026 workshop focused on Integrating Generative and Experimental Platforms for Biomolecular Design (GEM). It is part of the accepted NeurIPS workshop programme spanning current and emerging topics in machine learning and artificial intelligence.,https://neurips.cc/,https://neurips.cc/Downloads/2026,NeurIPS 2026 workshops follow the official workshop contribution framework: suggested submission date 29 Aug 2026 and mandatory accept/reject notification by 29 Sep 2026; individual workshops may set their own exact contribution deadline within this framework.,2026-08-29,https://neurips.cc/Conferences/2026/CallForWorkshops,Participation requires NeurIPS 2026 workshop registration. Official pricing is category- and location-dependent through the NeurIPS pricing calculator; guest workshop reception tickets are US$100.,https://neurips.cc/Conferences/2026/Pricing,"One-day in-person workshop within the NeurIPS 2026 workshop programme. NeurIPS requires approximately 7–9 hours of content with substantial discussion time; workshops commonly include invited talks, contributed presentations, posters, panels and community discussion.",Not yet announced,NeurIPS 2026 Workshop Chairs: Ghada Zamzmi; Elisa Ricci; Shao-Hua Sun; Khoa Doan; Theodore Papamarkou; Piotr Koniusz. Workshop-chair assistants: Nina Corvelo Benz; Junhao Dong.,"NeurIPS Foundation is the parent event organization. NeurIPS maintains an official sponsor/exhibitor programme, and individual workshops may seek external sponsor support for speakers or workshop activities under NeurIPS rules.",https://neurips.cc/media/Press/NeurIPS_logo.png,
Interpretability as a Science: Toward Rigorous Foundations for Understanding LLMs — NeurIPS 2026,2026-12-11,2026-12-13,Sydney / Paris / Atlanta,Australia / France / United States,Not yet announced,"Official NeurIPS housing is available for Sydney, Atlanta and Paris. Paris uses Revolugo as official housing partner; Sydney and Atlanta accommodation is coordinated through the NeurIPS hotel programme.",NeurIPS Foundation / NeurIPS 2026 Workshop Program,Official NeurIPS 2026 workshop focused on Interpretability as a Science: Toward Rigorous Foundations for Understanding LLMs. It is part of the accepted NeurIPS workshop programme spanning current and emerging topics in machine learning and artificial intelligence.,https://neurips.cc/,https://neurips.cc/Downloads/2026,NeurIPS 2026 workshops follow the official workshop contribution framework: suggested submission date 29 Aug 2026 and mandatory accept/reject notification by 29 Sep 2026; individual workshops may set their own exact contribution deadline within this framework.,2026-08-29,https://neurips.cc/Conferences/2026/CallForWorkshops,Participation requires NeurIPS 2026 workshop registration. Official pricing is category- and location-dependent through the NeurIPS pricing calculator; guest workshop reception tickets are US$100.,https://neurips.cc/Conferences/2026/Pricing,"One-day in-person workshop within the NeurIPS 2026 workshop programme. NeurIPS requires approximately 7–9 hours of content with substantial discussion time; workshops commonly include invited talks, contributed presentations, posters, panels and community discussion.",Not yet announced,NeurIPS 2026 Workshop Chairs: Ghada Zamzmi; Elisa Ricci; Shao-Hua Sun; Khoa Doan; Theodore Papamarkou; Piotr Koniusz. Workshop-chair assistants: Nina Corvelo Benz; Junhao Dong.,"NeurIPS Foundation is the parent event organization. NeurIPS maintains an official sponsor/exhibitor programme, and individual workshops may seek external sponsor support for speakers or workshop activities under NeurIPS rules.",https://neurips.cc/media/Press/NeurIPS_logo.png,
Interpretability for Discovery: Understanding and Discovering Novel Knowledge in AI Models — NeurIPS 2026,2026-12-11,2026-12-13,Sydney / Paris / Atlanta,Australia / France / United States,Not yet announced,"Official NeurIPS housing is available for Sydney, Atlanta and Paris. Paris uses Revolugo as official housing partner; Sydney and Atlanta accommodation is coordinated through the NeurIPS hotel programme.",NeurIPS Foundation / NeurIPS 2026 Workshop Program,Official NeurIPS 2026 workshop focused on Interpretability for Discovery: Understanding and Discovering Novel Knowledge in AI Models. It is part of the accepted NeurIPS workshop programme spanning current and emerging topics in machine learning and artificial intelligence.,https://neurips.cc/,https://neurips.cc/Downloads/2026,NeurIPS 2026 workshops follow the official workshop contribution framework: suggested submission date 29 Aug 2026 and mandatory accept/reject notification by 29 Sep 2026; individual workshops may set their own exact contribution deadline within this framework.,2026-08-29,https://neurips.cc/Conferences/2026/CallForWorkshops,Participation requires NeurIPS 2026 workshop registration. Official pricing is category- and location-dependent through the NeurIPS pricing calculator; guest workshop reception tickets are US$100.,https://neurips.cc/Conferences/2026/Pricing,"One-day in-person workshop within the NeurIPS 2026 workshop programme. NeurIPS requires approximately 7–9 hours of content with substantial discussion time; workshops commonly include invited talks, contributed presentations, posters, panels and community discussion.",Not yet announced,NeurIPS 2026 Workshop Chairs: Ghada Zamzmi; Elisa Ricci; Shao-Hua Sun; Khoa Doan; Theodore Papamarkou; Piotr Koniusz. Workshop-chair assistants: Nina Corvelo Benz; Junhao Dong.,"NeurIPS Foundation is the parent event organization. NeurIPS maintains an official sponsor/exhibitor programme, and individual workshops may seek external sponsor support for speakers or workshop activities under NeurIPS rules.",https://neurips.cc/media/Press/NeurIPS_logo.png,
"Interpreting Agent Behavior (IAB): Human-Centered Interpretation for Understanding Agents, Humans, and Interaction — NeurIPS 2026",2026-12-11,2026-12-13,Sydney / Paris / Atlanta,Australia / France / United States,Not yet announced,"Official NeurIPS housing is available for Sydney, Atlanta and Paris. Paris uses Revolugo as official housing partner; Sydney and Atlanta accommodation is coordinated through the NeurIPS hotel programme.",NeurIPS Foundation / NeurIPS 2026 Workshop Program,"Official NeurIPS 2026 workshop focused on Interpreting Agent Behavior (IAB): Human-Centered Interpretation for Understanding Agents, Humans, and Interaction. It is part of the accepted NeurIPS workshop programme spanning current and emerging topics in machine learning and artificial intelligence.",https://neurips.cc/,https://neurips.cc/Downloads/2026,NeurIPS 2026 workshops follow the official workshop contribution framework: suggested submission date 29 Aug 2026 and mandatory accept/reject notification by 29 Sep 2026; individual workshops may set their own exact contribution deadline within this framework.,2026-08-29,https://neurips.cc/Conferences/2026/CallForWorkshops,Participation requires NeurIPS 2026 workshop registration. Official pricing is category- and location-dependent through the NeurIPS pricing calculator; guest workshop reception tickets are US$100.,https://neurips.cc/Conferences/2026/Pricing,"One-day in-person workshop within the NeurIPS 2026 workshop programme. NeurIPS requires approximately 7–9 hours of content with substantial discussion time; workshops commonly include invited talks, contributed presentations, posters, panels and community discussion.",Not yet announced,NeurIPS 2026 Workshop Chairs: Ghada Zamzmi; Elisa Ricci; Shao-Hua Sun; Khoa Doan; Theodore Papamarkou; Piotr Koniusz. Workshop-chair assistants: Nina Corvelo Benz; Junhao Dong.,"NeurIPS Foundation is the parent event organization. NeurIPS maintains an official sponsor/exhibitor programme, and individual workshops may seek external sponsor support for speakers or workshop activities under NeurIPS rules.",https://neurips.cc/media/Press/NeurIPS_logo.png,
LIGHT: Deployable Small Foundation Models — NeurIPS 2026,2026-12-11,2026-12-13,Sydney / Paris / Atlanta,Australia / France / United States,Not yet announced,"Official NeurIPS housing is available for Sydney, Atlanta and Paris. Paris uses Revolugo as official housing partner; Sydney and Atlanta accommodation is coordinated through the NeurIPS hotel programme.",NeurIPS Foundation / NeurIPS 2026 Workshop Program,Official NeurIPS 2026 workshop focused on LIGHT: Deployable Small Foundation Models. It is part of the accepted NeurIPS workshop programme spanning current and emerging topics in machine learning and artificial intelligence.,https://neurips.cc/,https://neurips.cc/Downloads/2026,NeurIPS 2026 workshops follow the official workshop contribution framework: suggested submission date 29 Aug 2026 and mandatory accept/reject notification by 29 Sep 2026; individual workshops may set their own exact contribution deadline within this framework.,2026-08-29,https://neurips.cc/Conferences/2026/CallForWorkshops,Participation requires NeurIPS 2026 workshop registration. Official pricing is category- and location-dependent through the NeurIPS pricing calculator; guest workshop reception tickets are US$100.,https://neurips.cc/Conferences/2026/Pricing,"One-day in-person workshop within the NeurIPS 2026 workshop programme. NeurIPS requires approximately 7–9 hours of content with substantial discussion time; workshops commonly include invited talks, contributed presentations, posters, panels and community discussion.",Not yet announced,NeurIPS 2026 Workshop Chairs: Ghada Zamzmi; Elisa Ricci; Shao-Hua Sun; Khoa Doan; Theodore Papamarkou; Piotr Koniusz. Workshop-chair assistants: Nina Corvelo Benz; Junhao Dong.,"NeurIPS Foundation is the parent event organization. NeurIPS maintains an official sponsor/exhibitor programme, and individual workshops may seek external sponsor support for speakers or workshop activities under NeurIPS rules.",https://neurips.cc/media/Press/NeurIPS_logo.png,
Machine Learning for Simulations in Biology and Chemistry - The 2nd SIMBIOCHEM Workshop — NeurIPS 2026,2026-12-11,2026-12-13,Sydney / Paris / Atlanta,Australia / France / United States,Not yet announced,"Official NeurIPS housing is available for Sydney, Atlanta and Paris. Paris uses Revolugo as official housing partner; Sydney and Atlanta accommodation is coordinated through the NeurIPS hotel programme.",NeurIPS Foundation / NeurIPS 2026 Workshop Program,Official NeurIPS 2026 workshop focused on Machine Learning for Simulations in Biology and Chemistry - The 2nd SIMBIOCHEM Workshop. It is part of the accepted NeurIPS workshop programme spanning current and emerging topics in machine learning and artificial intelligence.,https://neurips.cc/,https://neurips.cc/Downloads/2026,NeurIPS 2026 workshops follow the official workshop contribution framework: suggested submission date 29 Aug 2026 and mandatory accept/reject notification by 29 Sep 2026; individual workshops may set their own exact contribution deadline within this framework.,2026-08-29,https://neurips.cc/Conferences/2026/CallForWorkshops,Participation requires NeurIPS 2026 workshop registration. Official pricing is category- and location-dependent through the NeurIPS pricing calculator; guest workshop reception tickets are US$100.,https://neurips.cc/Conferences/2026/Pricing,"One-day in-person workshop within the NeurIPS 2026 workshop programme. NeurIPS requires approximately 7–9 hours of content with substantial discussion time; workshops commonly include invited talks, contributed presentations, posters, panels and community discussion.",Not yet announced,NeurIPS 2026 Workshop Chairs: Ghada Zamzmi; Elisa Ricci; Shao-Hua Sun; Khoa Doan; Theodore Papamarkou; Piotr Koniusz. Workshop-chair assistants: Nina Corvelo Benz; Junhao Dong.,"NeurIPS Foundation is the parent event organization. NeurIPS maintains an official sponsor/exhibitor programme, and individual workshops may seek external sponsor support for speakers or workshop activities under NeurIPS rules.",https://neurips.cc/media/Press/NeurIPS_logo.png,
Machine Learning for Spatially Resolved High-dimensional Biology — NeurIPS 2026,2026-12-11,2026-12-13,Sydney / Paris / Atlanta,Australia / France / United States,Not yet announced,"Official NeurIPS housing is available for Sydney, Atlanta and Paris. Paris uses Revolugo as official housing partner; Sydney and Atlanta accommodation is coordinated through the NeurIPS hotel programme.",NeurIPS Foundation / NeurIPS 2026 Workshop Program,Official NeurIPS 2026 workshop focused on Machine Learning for Spatially Resolved High-dimensional Biology. It is part of the accepted NeurIPS workshop programme spanning current and emerging topics in machine learning and artificial intelligence.,https://neurips.cc/,https://neurips.cc/Downloads/2026,NeurIPS 2026 workshops follow the official workshop contribution framework: suggested submission date 29 Aug 2026 and mandatory accept/reject notification by 29 Sep 2026; individual workshops may set their own exact contribution deadline within this framework.,2026-08-29,https://neurips.cc/Conferences/2026/CallForWorkshops,Participation requires NeurIPS 2026 workshop registration. Official pricing is category- and location-dependent through the NeurIPS pricing calculator; guest workshop reception tickets are US$100.,https://neurips.cc/Conferences/2026/Pricing,"One-day in-person workshop within the NeurIPS 2026 workshop programme. NeurIPS requires approximately 7–9 hours of content with substantial discussion time; workshops commonly include invited talks, contributed presentations, posters, panels and community discussion.",Not yet announced,NeurIPS 2026 Workshop Chairs: Ghada Zamzmi; Elisa Ricci; Shao-Hua Sun; Khoa Doan; Theodore Papamarkou; Piotr Koniusz. Workshop-chair assistants: Nina Corvelo Benz; Junhao Dong.,"NeurIPS Foundation is the parent event organization. NeurIPS maintains an official sponsor/exhibitor programme, and individual workshops may seek external sponsor support for speakers or workshop activities under NeurIPS rules.",https://neurips.cc/media/Press/NeurIPS_logo.png,
"Managing Agents that Manage Agents: Workshop on Responsible Use of Meta-Agents that Build, Optimize, and Supervise Other Agents — NeurIPS 2026",2026-12-11,2026-12-13,Sydney / Paris / Atlanta,Australia / France / United States,Not yet announced,"Official NeurIPS housing is available for Sydney, Atlanta and Paris. Paris uses Revolugo as official housing partner; Sydney and Atlanta accommodation is coordinated through the NeurIPS hotel programme.",NeurIPS Foundation / NeurIPS 2026 Workshop Program,"Official NeurIPS 2026 workshop focused on Managing Agents that Manage Agents: Workshop on Responsible Use of Meta-Agents that Build, Optimize, and Supervise Other Agents. It is part of the accepted NeurIPS workshop programme spanning current and emerging topics in machine learning and artificial intelligence.",https://neurips.cc/,https://neurips.cc/Downloads/2026,NeurIPS 2026 workshops follow the official workshop contribution framework: suggested submission date 29 Aug 2026 and mandatory accept/reject notification by 29 Sep 2026; individual workshops may set their own exact contribution deadline within this framework.,2026-08-29,https://neurips.cc/Conferences/2026/CallForWorkshops,Participation requires NeurIPS 2026 workshop registration. Official pricing is category- and location-dependent through the NeurIPS pricing calculator; guest workshop reception tickets are US$100.,https://neurips.cc/Conferences/2026/Pricing,"One-day in-person workshop within the NeurIPS 2026 workshop programme. NeurIPS requires approximately 7–9 hours of content with substantial discussion time; workshops commonly include invited talks, contributed presentations, posters, panels and community discussion.",Not yet announced,NeurIPS 2026 Workshop Chairs: Ghada Zamzmi; Elisa Ricci; Shao-Hua Sun; Khoa Doan; Theodore Papamarkou; Piotr Koniusz. Workshop-chair assistants: Nina Corvelo Benz; Junhao Dong.,"NeurIPS Foundation is the parent event organization. NeurIPS maintains an official sponsor/exhibitor programme, and individual workshops may seek external sponsor support for speakers or workshop activities under NeurIPS rules.",https://neurips.cc/media/Press/NeurIPS_logo.png,
MATH-AI: The 6th Workshop on Mathematical Reasoning and AI — NeurIPS 2026,2026-12-11,2026-12-13,Sydney / Paris / Atlanta,Australia / France / United States,Not yet announced,"Official NeurIPS housing is available for Sydney, Atlanta and Paris. Paris uses Revolugo as official housing partner; Sydney and Atlanta accommodation is coordinated through the NeurIPS hotel programme.",NeurIPS Foundation / NeurIPS 2026 Workshop Program,Official NeurIPS 2026 workshop focused on MATH-AI: The 6th Workshop on Mathematical Reasoning and AI. It is part of the accepted NeurIPS workshop programme spanning current and emerging topics in machine learning and artificial intelligence.,https://neurips.cc/,https://neurips.cc/Downloads/2026,NeurIPS 2026 workshops follow the official workshop contribution framework: suggested submission date 29 Aug 2026 and mandatory accept/reject notification by 29 Sep 2026; individual workshops may set their own exact contribution deadline within this framework.,2026-08-29,https://neurips.cc/Conferences/2026/CallForWorkshops,Participation requires NeurIPS 2026 workshop registration. Official pricing is category- and location-dependent through the NeurIPS pricing calculator; guest workshop reception tickets are US$100.,https://neurips.cc/Conferences/2026/Pricing,"One-day in-person workshop within the NeurIPS 2026 workshop programme. NeurIPS requires approximately 7–9 hours of content with substantial discussion time; workshops commonly include invited talks, contributed presentations, posters, panels and community discussion.",Not yet announced,NeurIPS 2026 Workshop Chairs: Ghada Zamzmi; Elisa Ricci; Shao-Hua Sun; Khoa Doan; Theodore Papamarkou; Piotr Koniusz. Workshop-chair assistants: Nina Corvelo Benz; Junhao Dong.,"NeurIPS Foundation is the parent event organization. NeurIPS maintains an official sponsor/exhibitor programme, and individual workshops may seek external sponsor support for speakers or workshop activities under NeurIPS rules.",https://neurips.cc/media/Press/NeurIPS_logo.png,
Medical Reasoning with Multimodal Foundation Models — NeurIPS 2026,2026-12-11,2026-12-13,Sydney / Paris / Atlanta,Australia / France / United States,Not yet announced,"Official NeurIPS housing is available for Sydney, Atlanta and Paris. Paris uses Revolugo as official housing partner; Sydney and Atlanta accommodation is coordinated through the NeurIPS hotel programme.",NeurIPS Foundation / NeurIPS 2026 Workshop Program,Official NeurIPS 2026 workshop focused on Medical Reasoning with Multimodal Foundation Models. It is part of the accepted NeurIPS workshop programme spanning current and emerging topics in machine learning and artificial intelligence.,https://neurips.cc/,https://neurips.cc/Downloads/2026,NeurIPS 2026 workshops follow the official workshop contribution framework: suggested submission date 29 Aug 2026 and mandatory accept/reject notification by 29 Sep 2026; individual workshops may set their own exact contribution deadline within this framework.,2026-08-29,https://neurips.cc/Conferences/2026/CallForWorkshops,Participation requires NeurIPS 2026 workshop registration. Official pricing is category- and location-dependent through the NeurIPS pricing calculator; guest workshop reception tickets are US$100.,https://neurips.cc/Conferences/2026/Pricing,"One-day in-person workshop within the NeurIPS 2026 workshop programme. NeurIPS requires approximately 7–9 hours of content with substantial discussion time; workshops commonly include invited talks, contributed presentations, posters, panels and community discussion.",Not yet announced,NeurIPS 2026 Workshop Chairs: Ghada Zamzmi; Elisa Ricci; Shao-Hua Sun; Khoa Doan; Theodore Papamarkou; Piotr Koniusz. Workshop-chair assistants: Nina Corvelo Benz; Junhao Dong.,"NeurIPS Foundation is the parent event organization. NeurIPS maintains an official sponsor/exhibitor programme, and individual workshops may seek external sponsor support for speakers or workshop activities under NeurIPS rules.",https://neurips.cc/media/Press/NeurIPS_logo.png,
ML for Systems — NeurIPS 2026,2026-12-11,2026-12-13,Sydney / Paris / Atlanta,Australia / France / United States,Not yet announced,"Official NeurIPS housing is available for Sydney, Atlanta and Paris. Paris uses Revolugo as official housing partner; Sydney and Atlanta accommodation is coordinated through the NeurIPS hotel programme.",NeurIPS Foundation / NeurIPS 2026 Workshop Program,Official NeurIPS 2026 workshop focused on ML for Systems. It is part of the accepted NeurIPS workshop programme spanning current and emerging topics in machine learning and artificial intelligence.,https://neurips.cc/,https://neurips.cc/Downloads/2026,NeurIPS 2026 workshops follow the official workshop contribution framework: suggested submission date 29 Aug 2026 and mandatory accept/reject notification by 29 Sep 2026; individual workshops may set their own exact contribution deadline within this framework.,2026-08-29,https://neurips.cc/Conferences/2026/CallForWorkshops,Participation requires NeurIPS 2026 workshop registration. Official pricing is category- and location-dependent through the NeurIPS pricing calculator; guest workshop reception tickets are US$100.,https://neurips.cc/Conferences/2026/Pricing,"One-day in-person workshop within the NeurIPS 2026 workshop programme. NeurIPS requires approximately 7–9 hours of content with substantial discussion time; workshops commonly include invited talks, contributed presentations, posters, panels and community discussion.",Not yet announced,NeurIPS 2026 Workshop Chairs: Ghada Zamzmi; Elisa Ricci; Shao-Hua Sun; Khoa Doan; Theodore Papamarkou; Piotr Koniusz. Workshop-chair assistants: Nina Corvelo Benz; Junhao Dong.,"NeurIPS Foundation is the parent event organization. NeurIPS maintains an official sponsor/exhibitor programme, and individual workshops may seek external sponsor support for speakers or workshop activities under NeurIPS rules.",https://neurips.cc/media/Press/NeurIPS_logo.png,
"Multi-Objective Optimization for Modern Machine Learning: Foundations, Recent Advances, and Emerging Applications — NeurIPS 2026",2026-12-11,2026-12-13,Sydney / Paris / Atlanta,Australia / France / United States,Not yet announced,"Official NeurIPS housing is available for Sydney, Atlanta and Paris. Paris uses Revolugo as official housing partner; Sydney and Atlanta accommodation is coordinated through the NeurIPS hotel programme.",NeurIPS Foundation / NeurIPS 2026 Workshop Program,"Official NeurIPS 2026 workshop focused on Multi-Objective Optimization for Modern Machine Learning: Foundations, Recent Advances, and Emerging Applications. It is part of the accepted NeurIPS workshop programme spanning current and emerging topics in machine learning and artificial intelligence.",https://neurips.cc/,https://neurips.cc/Downloads/2026,NeurIPS 2026 workshops follow the official workshop contribution framework: suggested submission date 29 Aug 2026 and mandatory accept/reject notification by 29 Sep 2026; individual workshops may set their own exact contribution deadline within this framework.,2026-08-29,https://neurips.cc/Conferences/2026/CallForWorkshops,Participation requires NeurIPS 2026 workshop registration. Official pricing is category- and location-dependent through the NeurIPS pricing calculator; guest workshop reception tickets are US$100.,https://neurips.cc/Conferences/2026/Pricing,"One-day in-person workshop within the NeurIPS 2026 workshop programme. NeurIPS requires approximately 7–9 hours of content with substantial discussion time; workshops commonly include invited talks, contributed presentations, posters, panels and community discussion.",Not yet announced,NeurIPS 2026 Workshop Chairs: Ghada Zamzmi; Elisa Ricci; Shao-Hua Sun; Khoa Doan; Theodore Papamarkou; Piotr Koniusz. Workshop-chair assistants: Nina Corvelo Benz; Junhao Dong.,"NeurIPS Foundation is the parent event organization. NeurIPS maintains an official sponsor/exhibitor programme, and individual workshops may seek external sponsor support for speakers or workshop activities under NeurIPS rules.",https://neurips.cc/media/Press/NeurIPS_logo.png,
NEmo: Neuro-Symbolic Embodied Intelligence — NeurIPS 2026,2026-12-11,2026-12-13,Sydney / Paris / Atlanta,Australia / France / United States,Not yet announced,"Official NeurIPS housing is available for Sydney, Atlanta and Paris. Paris uses Revolugo as official housing partner; Sydney and Atlanta accommodation is coordinated through the NeurIPS hotel programme.",NeurIPS Foundation / NeurIPS 2026 Workshop Program,Official NeurIPS 2026 workshop focused on NEmo: Neuro-Symbolic Embodied Intelligence. It is part of the accepted NeurIPS workshop programme spanning current and emerging topics in machine learning and artificial intelligence.,https://neurips.cc/,https://neurips.cc/Downloads/2026,NeurIPS 2026 workshops follow the official workshop contribution framework: suggested submission date 29 Aug 2026 and mandatory accept/reject notification by 29 Sep 2026; individual workshops may set their own exact contribution deadline within this framework.,2026-08-29,https://neurips.cc/Conferences/2026/CallForWorkshops,Participation requires NeurIPS 2026 workshop registration. Official pricing is category- and location-dependent through the NeurIPS pricing calculator; guest workshop reception tickets are US$100.,https://neurips.cc/Conferences/2026/Pricing,"One-day in-person workshop within the NeurIPS 2026 workshop programme. NeurIPS requires approximately 7–9 hours of content with substantial discussion time; workshops commonly include invited talks, contributed presentations, posters, panels and community discussion.",Not yet announced,NeurIPS 2026 Workshop Chairs: Ghada Zamzmi; Elisa Ricci; Shao-Hua Sun; Khoa Doan; Theodore Papamarkou; Piotr Koniusz. Workshop-chair assistants: Nina Corvelo Benz; Junhao Dong.,"NeurIPS Foundation is the parent event organization. NeurIPS maintains an official sponsor/exhibitor programme, and individual workshops may seek external sponsor support for speakers or workshop activities under NeurIPS rules.",https://neurips.cc/media/Press/NeurIPS_logo.png,
Neural Network Artifacts as a New Data Modality — NeurIPS 2026,2026-12-11,2026-12-13,Sydney / Paris / Atlanta,Australia / France / United States,Not yet announced,"Official NeurIPS housing is available for Sydney, Atlanta and Paris. Paris uses Revolugo as official housing partner; Sydney and Atlanta accommodation is coordinated through the NeurIPS hotel programme.",NeurIPS Foundation / NeurIPS 2026 Workshop Program,Official NeurIPS 2026 workshop focused on Neural Network Artifacts as a New Data Modality. It is part of the accepted NeurIPS workshop programme spanning current and emerging topics in machine learning and artificial intelligence.,https://neurips.cc/,https://neurips.cc/Downloads/2026,NeurIPS 2026 workshops follow the official workshop contribution framework: suggested submission date 29 Aug 2026 and mandatory accept/reject notification by 29 Sep 2026; individual workshops may set their own exact contribution deadline within this framework.,2026-08-29,https://neurips.cc/Conferences/2026/CallForWorkshops,Participation requires NeurIPS 2026 workshop registration. Official pricing is category- and location-dependent through the NeurIPS pricing calculator; guest workshop reception tickets are US$100.,https://neurips.cc/Conferences/2026/Pricing,"One-day in-person workshop within the NeurIPS 2026 workshop programme. NeurIPS requires approximately 7–9 hours of content with substantial discussion time; workshops commonly include invited talks, contributed presentations, posters, panels and community discussion.",Not yet announced,NeurIPS 2026 Workshop Chairs: Ghada Zamzmi; Elisa Ricci; Shao-Hua Sun; Khoa Doan; Theodore Papamarkou; Piotr Koniusz. Workshop-chair assistants: Nina Corvelo Benz; Junhao Dong.,"NeurIPS Foundation is the parent event organization. NeurIPS maintains an official sponsor/exhibitor programme, and individual workshops may seek external sponsor support for speakers or workshop activities under NeurIPS rules.",https://neurips.cc/media/Press/NeurIPS_logo.png,
NeurIPS 2026 Workshop on Dynamic Alignment in Human-AI Coupled Systems — NeurIPS 2026,2026-12-11,2026-12-13,Sydney / Paris / Atlanta,Australia / France / United States,Not yet announced,"Official NeurIPS housing is available for Sydney, Atlanta and Paris. Paris uses Revolugo as official housing partner; Sydney and Atlanta accommodation is coordinated through the NeurIPS hotel programme.",NeurIPS Foundation / NeurIPS 2026 Workshop Program,Official NeurIPS 2026 workshop focused on NeurIPS 2026 Workshop on Dynamic Alignment in Human-AI Coupled Systems. It is part of the accepted NeurIPS workshop programme spanning current and emerging topics in machine learning and artificial intelligence.,https://neurips.cc/,https://neurips.cc/Downloads/2026,NeurIPS 2026 workshops follow the official workshop contribution framework: suggested submission date 29 Aug 2026 and mandatory accept/reject notification by 29 Sep 2026; individual workshops may set their own exact contribution deadline within this framework.,2026-08-29,https://neurips.cc/Conferences/2026/CallForWorkshops,Participation requires NeurIPS 2026 workshop registration. Official pricing is category- and location-dependent through the NeurIPS pricing calculator; guest workshop reception tickets are US$100.,https://neurips.cc/Conferences/2026/Pricing,"One-day in-person workshop within the NeurIPS 2026 workshop programme. NeurIPS requires approximately 7–9 hours of content with substantial discussion time; workshops commonly include invited talks, contributed presentations, posters, panels and community discussion.",Not yet announced,NeurIPS 2026 Workshop Chairs: Ghada Zamzmi; Elisa Ricci; Shao-Hua Sun; Khoa Doan; Theodore Papamarkou; Piotr Koniusz. Workshop-chair assistants: Nina Corvelo Benz; Junhao Dong.,"NeurIPS Foundation is the parent event organization. NeurIPS maintains an official sponsor/exhibitor programme, and individual workshops may seek external sponsor support for speakers or workshop activities under NeurIPS rules.",https://neurips.cc/media/Press/NeurIPS_logo.png,
NeurIPS 2026 Workshop on SaTQuML: Secure and Trustworthy Quantum Machine Learning — NeurIPS 2026,2026-12-11,2026-12-13,Sydney / Paris / Atlanta,Australia / France / United States,Not yet announced,"Official NeurIPS housing is available for Sydney, Atlanta and Paris. Paris uses Revolugo as official housing partner; Sydney and Atlanta accommodation is coordinated through the NeurIPS hotel programme.",NeurIPS Foundation / NeurIPS 2026 Workshop Program,Official NeurIPS 2026 workshop focused on NeurIPS 2026 Workshop on SaTQuML: Secure and Trustworthy Quantum Machine Learning. It is part of the accepted NeurIPS workshop programme spanning current and emerging topics in machine learning and artificial intelligence.,https://neurips.cc/,https://neurips.cc/Downloads/2026,NeurIPS 2026 workshops follow the official workshop contribution framework: suggested submission date 29 Aug 2026 and mandatory accept/reject notification by 29 Sep 2026; individual workshops may set their own exact contribution deadline within this framework.,2026-08-29,https://neurips.cc/Conferences/2026/CallForWorkshops,Participation requires NeurIPS 2026 workshop registration. Official pricing is category- and location-dependent through the NeurIPS pricing calculator; guest workshop reception tickets are US$100.,https://neurips.cc/Conferences/2026/Pricing,"One-day in-person workshop within the NeurIPS 2026 workshop programme. NeurIPS requires approximately 7–9 hours of content with substantial discussion time; workshops commonly include invited talks, contributed presentations, posters, panels and community discussion.",Not yet announced,NeurIPS 2026 Workshop Chairs: Ghada Zamzmi; Elisa Ricci; Shao-Hua Sun; Khoa Doan; Theodore Papamarkou; Piotr Koniusz. Workshop-chair assistants: Nina Corvelo Benz; Junhao Dong.,"NeurIPS Foundation is the parent event organization. NeurIPS maintains an official sponsor/exhibitor programme, and individual workshops may seek external sponsor support for speakers or workshop activities under NeurIPS rules.",https://neurips.cc/media/Press/NeurIPS_logo.png,
NeurIPS 2026 Workshop on Tackling Climate Change with Machine Learning — NeurIPS 2026,2026-12-11,2026-12-13,Sydney / Paris / Atlanta,Australia / France / United States,Not yet announced,"Official NeurIPS housing is available for Sydney, Atlanta and Paris. Paris uses Revolugo as official housing partner; Sydney and Atlanta accommodation is coordinated through the NeurIPS hotel programme.",NeurIPS Foundation / NeurIPS 2026 Workshop Program,Official NeurIPS 2026 workshop focused on NeurIPS 2026 Workshop on Tackling Climate Change with Machine Learning. It is part of the accepted NeurIPS workshop programme spanning current and emerging topics in machine learning and artificial intelligence.,https://neurips.cc/,https://neurips.cc/Downloads/2026,NeurIPS 2026 workshops follow the official workshop contribution framework: suggested submission date 29 Aug 2026 and mandatory accept/reject notification by 29 Sep 2026; individual workshops may set their own exact contribution deadline within this framework.,2026-08-29,https://neurips.cc/Conferences/2026/CallForWorkshops,Participation requires NeurIPS 2026 workshop registration. Official pricing is category- and location-dependent through the NeurIPS pricing calculator; guest workshop reception tickets are US$100.,https://neurips.cc/Conferences/2026/Pricing,"One-day in-person workshop within the NeurIPS 2026 workshop programme. NeurIPS requires approximately 7–9 hours of content with substantial discussion time; workshops commonly include invited talks, contributed presentations, posters, panels and community discussion.",Not yet announced,NeurIPS 2026 Workshop Chairs: Ghada Zamzmi; Elisa Ricci; Shao-Hua Sun; Khoa Doan; Theodore Papamarkou; Piotr Koniusz. Workshop-chair assistants: Nina Corvelo Benz; Junhao Dong.,"NeurIPS Foundation is the parent event organization. NeurIPS maintains an official sponsor/exhibitor programme, and individual workshops may seek external sponsor support for speakers or workshop activities under NeurIPS rules.",https://neurips.cc/media/Press/NeurIPS_logo.png,
"NeurIPS’26 Workshop on AI-Native Academia: Authorship, Peer Review, and Conference Governance under AI — NeurIPS 2026",2026-12-11,2026-12-13,Sydney / Paris / Atlanta,Australia / France / United States,Not yet announced,"Official NeurIPS housing is available for Sydney, Atlanta and Paris. Paris uses Revolugo as official housing partner; Sydney and Atlanta accommodation is coordinated through the NeurIPS hotel programme.",NeurIPS Foundation / NeurIPS 2026 Workshop Program,"Official NeurIPS 2026 workshop focused on NeurIPS’26 Workshop on AI-Native Academia: Authorship, Peer Review, and Conference Governance under AI. It is part of the accepted NeurIPS workshop programme spanning current and emerging topics in machine learning and artificial intelligence.",https://neurips.cc/,https://neurips.cc/Downloads/2026,NeurIPS 2026 workshops follow the official workshop contribution framework: suggested submission date 29 Aug 2026 and mandatory accept/reject notification by 29 Sep 2026; individual workshops may set their own exact contribution deadline within this framework.,2026-08-29,https://neurips.cc/Conferences/2026/CallForWorkshops,Participation requires NeurIPS 2026 workshop registration. Official pricing is category- and location-dependent through the NeurIPS pricing calculator; guest workshop reception tickets are US$100.,https://neurips.cc/Conferences/2026/Pricing,"One-day in-person workshop within the NeurIPS 2026 workshop programme. NeurIPS requires approximately 7–9 hours of content with substantial discussion time; workshops commonly include invited talks, contributed presentations, posters, panels and community discussion.",Not yet announced,NeurIPS 2026 Workshop Chairs: Ghada Zamzmi; Elisa Ricci; Shao-Hua Sun; Khoa Doan; Theodore Papamarkou; Piotr Koniusz. Workshop-chair assistants: Nina Corvelo Benz; Junhao Dong.,"NeurIPS Foundation is the parent event organization. NeurIPS maintains an official sponsor/exhibitor programme, and individual workshops may seek external sponsor support for speakers or workshop activities under NeurIPS rules.",https://neurips.cc/media/Press/NeurIPS_logo.png,
IEEE 2nd International Conference on Quantum Artificial Intelligence,2026-12-13,2026-12-16,Nottingham,United Kingdom,Not yet announced,Not yet announced,Not yet announced,IEEE conference at the intersection of quantum computing and artificial intelligence.,https://ai.ieee.org/,https://ai.ieee.org/events/,Not yet announced,Not yet announced,Not yet announced,Not yet announced,Not yet announced,Not yet announced,Not yet announced,Not yet announced,Not yet announced,,
SciPy India 2026,2026-12-19,2026-12-20,Chennai,India,Not yet announced,Not yet announced,Not yet announced,"Scientific Python conference with machine-learning, AI and data-science content.",Not yet announced,https://conventions.io/topics/ai,Not yet announced,Not yet announced,Not yet announced,Not yet announced,Not yet announced,Not yet announced,Not yet announced,Not yet announced,Not yet announced,,
AI Conf Asia 2027,2027-01-09,2027-01-10,Kathmandu,Nepal,Not yet announced,Not yet announced,Not yet announced,Asian artificial-intelligence conference for practitioners and technology leaders.,Not yet announced,https://conventions.io/topics/ai,Not yet announced,Not yet announced,Not yet announced,Not yet announced,Not yet announced,Not yet announced,Not yet announced,Not yet announced,Not yet announced,,
Executive Winter AI Summit Kitzbühel 2027,2027-01-20,2027-01-22,Kitzbühel,Austria,"Kitzbühel Country Club, Kitzbühel, Austria",Not yet announced,Stellenberg AI Summit GmbH,"Invitation/application-based executive AI summit limited to 100 senior executives, focused on peer-level AI strategy, leadership and practical implementation.",https://ai-summit.at/,https://ai-summit.at/2027-winter-executive-ai-summit/,No academic CFP. Participation and partner opportunities are curated by application or personal invitation.,Not yet announced,https://ai-summit.at/2027-winter-executive-ai-summit/,"€2,490 per seat excluding VAT. Ticket includes opening reception, conference sessions, executive roundtables, three-course lunch, drinks, warm-up party and Race Friday experience.",https://ai-summit.at/tickets/,Wine & AI opening reception; full conference day with keynotes and executive sessions; executive breakouts and roundtables with Markus Lanz; Hahnenkamm warm-up party; Race Friday at Hocheckhütte.,Keynote Speakers: Special guest: Markus Lanz. Additional executive speakers are curated for the 100-seat program.,"Committee: No academic technical committee; the program is curated by Stellenberg AI Summit GmbH for CEOs, board members and senior executives.",Limited selected partner opportunities are integrated into the executive experience and private sessions.,,
3rd International Conference on Artificial Intelligence and Data Science 2027,2027-02-01,2027-02-03,Dubai,United Arab Emirates,Not yet announced,Not yet announced,Not yet announced,International conference on artificial intelligence and data science.,Not yet announced,https://conventions.io/topics/ai,Not yet announced,Not yet announced,Not yet announced,Not yet announced,Not yet announced,Not yet announced,Not yet announced,Not yet announced,Not yet announced,,
AI & Big Data Expo Global 2027,2027-02-03,2027-02-04,London,United Kingdom,"Olympia London, Hammersmith Rd, London W14 8UX",The official event FAQ provides travel guidance; accommodation is arranged independently by attendees near Olympia London.,TechEx / AI & Big Data Expo,"Large enterprise AI and big-data event focused on moving AI from pilots to operational reality, including generative AI, autonomous systems, governance, enterprise infrastructure and data analytics.",https://www.ai-expo.net/,https://www.ai-expo.net/global/,"Industry event rather than an academic proceedings conference. Applications are available to become a speaker, sponsor or exhibitor through the official Get Involved process.",Not yet announced,https://www.ai-expo.net/global/get-involved/,"Free Pass £0 for expo floor and free-stage content; Gold Pass £599 for full access to Gold and Free tracks, networking party and networking app. Eligible startups can apply for a 50% pass discount.",https://www.ai-expo.net/global/,"Day 1: AI Leadership, Enterprise AI and AI Builders. Day 2: Data & Analytics, Future AI, AI Developer – From Prototype to Production, Physical AI and Founders & Future. Exhibition hours and networking activities run both days.",Keynote Speakers: Lord Ed Vaizey; Tjerrie Smit; Marc Cieslak; Clarisa Doval; Subrata Bose; Maura Feddersen; Konstantina Kapetanidi; Francisco Jeronimo.,Committee: Industry conference; no academic technical committee. Program is curated by the TechEx / AI & Big Data Expo content team across paid and free enterprise-AI tracks.,Published exhibitors/technology participants include Salesforce and IBM; the event has 150+ exhibitors and a dedicated sponsor/exhibitor program.,,
TechEx Global 2027,2027-02-03,2027-02-04,London,United Kingdom,Not yet announced,Not yet announced,Not yet announced,"Technology expo and conference with major AI, data and digital-transformation tracks.",Not yet announced,https://conventions.io/topics/ai,Not yet announced,Not yet announced,Not yet announced,Not yet announced,Not yet announced,Not yet announced,Not yet announced,Not yet announced,Not yet announced,,
IEEE Emerging Technologies Conference 2027,2027-02-08,2027-02-11,Adelaide,Australia,Not yet announced,Not yet announced,Not yet announced,IEEE conference on emerging technologies and systems including artificial intelligence.,Not yet announced,https://conventions.io/topics/ai,Not yet announced,Not yet announced,Not yet announced,Not yet announced,Not yet announced,Not yet announced,Not yet announced,Not yet announced,Not yet announced,,
AI DevWorld 2027,2027-02-09,2027-02-11,Santa Clara,United States,Not yet announced,Not yet announced,Not yet announced,Developer-focused AI conference co-located with major software-development programming.,Not yet announced,https://conventions.io/topics/ai,Not yet announced,Not yet announced,Not yet announced,Not yet announced,Not yet announced,Not yet announced,Not yet announced,Not yet announced,Not yet announced,,
World AI Cannes Festival 2027,2027-02-10,2027-02-11,Cannes,France,Palais des Festivals,Not yet announced,Not yet announced,International AI festival and business summit in Cannes.,https://www.worldaicannes.com/,https://london.theaisummit.com/about/ai-summit-event-series/,Not yet announced,Not yet announced,Not yet announced,Not yet announced,Not yet announced,Not yet announced,Not yet announced,Not yet announced,Not yet announced,,
41st AAAI Conference on Artificial Intelligence,2027-02-16,2027-02-23,Montréal,Canada,"Montréal, Canada — conference venue/accommodation information provided through AAAI-27 Attend pages.",AAAI-27 provides official accommodations and travel guidance through its Attend section for Montréal participants.,Association for the Advancement of Artificial Intelligence (AAAI),"AAAI's flagship international artificial-intelligence research conference, covering the full breadth of AI and affiliated disciplines.",https://aaai.org/,https://aaai.org/conference/aaai/aaai-27/,"Main Technical Track: abstracts due 21 Jul 2026; full papers due 28 Jul 2026. Separate calls cover AI Alignment, AI for Social Impact, workshops, doctoral consortium, EAAI, IAAI and other tracks.",2026-07-28,https://aaai.org/conference/aaai/aaai-27/main-technical-track-call/,Not yet announced,Not yet announced,"Technical paper presentations, special tracks, invited speakers, workshops, tutorials, poster sessions, senior-member presentations, competitions, exhibits and Bridge/Lab activities.",Not yet announced,Conference Committee Chair: Kevin Leyton-Brown; General Chair: Edith Elkind; Program Co-Chairs: Yan Liu and Balaraman Ravindran.,AAAI institutional conference and exhibit program; commercial/exhibitor opportunities are administered through AAAI.,,
AAAI-27 Conference on Artificial Intelligence,2027-02-16,2027-02-23,Montréal,Canada,Not yet announced,Not yet announced,Not yet announced,AAAI's flagship international research conference on artificial intelligence.,https://aaai.org/,https://conventions.io/topics/ai,Not yet announced,Not yet announced,Not yet announced,Not yet announced,Not yet announced,Not yet announced,Not yet announced,Not yet announced,Not yet announced,https://aaai.org/wp-content/uploads/2024/06/AAAI-logo-color.png,
"ICARA 2027 — International Conference on Automation, Robotics and Applications",2027-02-25,2027-02-27,Paris,France,Not yet announced,Not yet announced,Not yet announced,"International research conference on automation, robotics and AI applications.",Not yet announced,https://conventions.io/topics/ai,Not yet announced,Not yet announced,Not yet announced,Not yet announced,Not yet announced,Not yet announced,Not yet announced,Not yet announced,Not yet announced,,
Annual Global Summit on Artificial Intelligence and Machine Learning,2027-03-08,2027-03-10,Barcelona,Spain,Not yet announced,Not yet announced,Not yet announced,Global summit focused on artificial intelligence and machine learning.,Not yet announced,https://conventions.io/topics/ai,Not yet announced,Not yet announced,Not yet announced,Not yet announced,Not yet announced,Not yet announced,Not yet announced,Not yet announced,Not yet announced,,
Gartner Data & Analytics Summit Orlando 2027,2027-03-08,2027-03-10,Orlando,United States,"Gaylord Palms Resort & Convention Center, 6000 W. Osceola Parkway, Kissimmee, Florida 34746","Discounted rooms are held for registered attendees at Gartner partner hotels; booking is through conference registration, with the discounted-room deadline 8 Feb 2027.",Gartner,"Gartner summit for CDAOs, heads of AI and data/analytics leaders focused on enterprise AI, agentic AI, generative AI, governance, data architecture and measurable business value.",https://www.gartner.com/,https://www.gartner.com/en/conferences/na/data-analytics-us,No academic CFP. Content is developed and curated by Gartner analysts and invited industry thought leaders.,Not yet announced,Not yet announced,"Early bird US$4,475; standard US$4,925; public sector US$4,175. Team discounts include complimentary registrations at qualifying group sizes.",https://www.gartner.com/en/conferences/na/data-analytics-us/register,"Tracks include Lead Data and AI-Driven Organizations; Scale AI and Analytics; Drive Business Value with Data, Analytics and AI; governance, semantics/context layers and platform convergence. Includes keynotes, roundtables, workshops, Ask the Analyst and one-on-one analyst meetings.",Keynote Speakers: Featured Gartner analysts include Sumit Agarwal; Alan D. Duncan; Lydia Ferguson; Jorg Heizenberg; Sarah James; Candice Kenney; Adam Ronthal; Rita Sallam.,"Committee: Program content is developed by Gartner's data, analytics and AI analyst team; featured analysts include Sumit Agarwal, Alan D. Duncan, Lydia Ferguson, Jorg Heizenberg, Sarah James, Candice Kenney, Adam Ronthal and Rita Sallam.",Solution providers participate through the Gartner Exhibit Showcase and solution-provider sessions.,,
GITEX AI LATAM 2027,2027-03-16,2027-03-17,São Paulo,Brazil,Not yet announced,Not yet announced,Not yet announced,Latin American edition of the GITEX AI technology event.,Not yet announced,https://conventions.io/topics/ai,Not yet announced,Not yet announced,Not yet announced,Not yet announced,Not yet announced,Not yet announced,Not yet announced,Not yet announced,Not yet announced,,
NextGen Data 2027,2027-03-17,2027-03-18,London,United Kingdom,Not yet announced,Not yet announced,Not yet announced,"Conference on next-generation data platforms, analytics and AI.",Not yet announced,https://conventions.io/topics/ai,Not yet announced,Not yet announced,Not yet announced,Not yet announced,Not yet announced,Not yet announced,Not yet announced,Not yet announced,Not yet announced,,
International Conference on Artificial Intelligence and Machine Learning 2027,2027-03-20,2027-03-21,Barcelona,Spain,Not yet announced,Not yet announced,Not yet announced,International conference on AI and machine learning.,Not yet announced,https://conventions.io/topics/ai,Not yet announced,Not yet announced,Not yet announced,Not yet announced,Not yet announced,Not yet announced,Not yet announced,Not yet announced,Not yet announced,,
5th Cognitive Models and Artificial Intelligence Conference,2027-03-25,2027-03-26,Dubai,United Arab Emirates,"Dubai, United Arab Emirates",Accommodation is not included in registration; participants arrange lodging separately.,AICCONF Organizing Committee,"IEEE technical conference for research and applications in AI, machine learning, cognitive computing, NLP, computer vision, robotics, data science, IoT, cybersecurity and trustworthy systems.",https://www.ai-conf.com/,https://www.ai-conf.com/,"Full papers are double-blind peer reviewed. Accepted and presented papers are published in IEEE Xplore. Tracks cover AI/ML, cognitive computing, NLP, vision, robotics, data science, IoT, cybersecurity and applied AI.",Not yet announced,https://www.ai-conf.com/,Early / late: Regular physical author €500 / €600; IEEE member or student physical €375 / €425; virtual €350 / €400; listener €200 / €250; taxes included.,https://www.ai-conf.com/?go=fees,"Invited speakers, posters, regular technical sessions, special sessions and tutorials across ten AI and intelligent-systems tracks.","Keynote Speakers: Thar Baker — University of Khorfakkan, UAE; Sedat Akleylek — University of Tartu, Estonia; Koksal Erenturk — Atatürk University, Türkiye.","Committee: AICCONF 2027 Organizing Committee; technical co-sponsor: IEEE Systems, Man, and Cybernetics Society.","IEEE Systems, Man, and Cybernetics Society — technical co-sponsor; conference also publishes technical/financial co-sponsors and sectoral supporters.",,
"AIRC 2027 — International Conference on Artificial Intelligence, Robotics and Control",2027-04-06,2027-04-08,Tempe,United States,Not yet announced,Not yet announced,Not yet announced,"International research conference on AI, robotics and control.",Not yet announced,https://conventions.io/topics/ai,Not yet announced,Not yet announced,Not yet announced,Not yet announced,Not yet announced,Not yet announced,Not yet announced,Not yet announced,Not yet announced,,
AI-HSSE International Conference & Exhibition 2027,2027-04-20,2027-04-22,Manama,Bahrain,"Gulf Convention Centre, Kingdom of Bahrain",Not yet announced,AI-HSSE Conference & Exhibition,"Industry-driven international platform for practical, deployable and governed AI solutions in safety-critical and high-risk sectors including energy, oil and gas, healthcare, cybersecurity, infrastructure and environment.",https://aihsse.com/,https://aihsse.com/,"Call for papers is open for research, case studies, innovations and practical AI applications. Abstract submission deadline: 30 Sep 2026.",2026-09-30,https://aihsse.com/,Not yet announced,https://aihsse.com/,"Conference and exhibition addressing AI-enabled incident prevention, operational resilience, critical-infrastructure protection, ESG/sustainability and sector applications across healthcare, energy, manufacturing, construction, transport, maritime and cybersecurity.","Keynote Speakers: Conference leadership is held in the presence of H.E. Dr. Mohamed bin Mubarak Bin Daina, Minister of Oil & Environment and Special Envoy for Climate Affairs, Kingdom of Bahrain.","Committee: Conference leadership and technical program are industry- and policy-focused, bringing regulators, operators, researchers and AI technology experts together.","Official site lists an Academic Partner and Media Partners; participating sectors include AI/digital transformation providers, oil & gas, energy, healthcare, cybersecurity, manufacturing and infrastructure.",,
AiX Conference 2027,2027-04-21,2027-04-21,Newcastle-Upon-Tyne,United Kingdom,Not yet announced,Not yet announced,Not yet announced,Artificial-intelligence conference in Newcastle-Upon-Tyne.,Not yet announced,https://conventions.io/topics/ai,Not yet announced,Not yet announced,Not yet announced,Not yet announced,Not yet announced,Not yet announced,Not yet announced,Not yet announced,Not yet announced,,
"ICCAR 2027 — 13th International Conference on Control, Automation and Robotics",2027-04-23,2027-04-25,Nanchang,China,Not yet announced,Not yet announced,Not yet announced,"International research conference on control, automation, robotics and intelligent systems.",Not yet announced,https://conventions.io/topics/ai,Not yet announced,Not yet announced,Not yet announced,Not yet announced,Not yet announced,Not yet announced,Not yet announced,Not yet announced,Not yet announced,,
4th International Conference on Artificial Intelligence & Machine Learning 2027,2027-04-26,2027-04-28,Orlando,United States,"Courtyard by Marriott across Universal Orlando, 5916 Caravan Ct, Orlando, FL 32819","Official conference accommodation: US$190/night single occupancy or US$215/night double occupancy, including taxes and breakfast.",United Scientific Group (USG),"Global AI and machine-learning conference bringing researchers, industry experts and innovators together across LLMs, generative AI, computer vision, deep learning, robotics, data science, cybersecurity and AI governance.",https://artificialintelligence.unitedscientificgroup.org/,https://artificialintelligence.unitedscientificgroup.org/,Abstract submissions are accepted through the official conference site. First-round abstract submission deadline is 21 Sep 2026.,2026-09-21,https://artificialintelligence.unitedscientificgroup.org/abstract_submission,"Early bird: Academic US$699, Industry US$799, Delegate US$649, Student US$499, Virtual US$399. Mid-term: US$799/899/749/599/399. Late: US$899/999/849/699/499.",https://artificialintelligence.unitedscientificgroup.org/registration_form,"Keynotes, research presentations, poster sessions, panel discussion and networking across LLMs, algorithms, AI infrastructure, AGI, neural networks, ML, computer vision, deep learning, data mining, HCI, cybersecurity, GenAI, medicine, education, NLP, ethics/governance, robotics and autonomous systems.",Keynote Speakers: James Hendler; Kristy Elizabeth Boyer; Paul A Pavlou; Tianzhen Hong; David G Stork; Douglas C Schmidt; Seth Dorbin; Vasant Honavar.,Organizing Committee: Douglas C Schmidt; Seth Dorbin; Victor Wang; David G Stork.,Not yet announced,,
ODSC AI East 2027 Virtual,2027-04-28,2027-04-30,Online,Global,Virtual Platform,Not applicable — online event,Open Data Science Conference (ODSC),"Virtual AI and data-science training conference offering expert-led instruction in generative AI, LLMs, machine learning, prompt engineering, deep learning, responsible AI, NLP, MLOps and LLMOps.",https://odsc.ai/,https://odsc.ai/east/virtual/,Industry training conference with curated instructors and speakers; speaker applications are handled through ODSC event programming.,Not yet announced,https://odsc.ai/east/virtual/,Not yet announced,https://odsc.ai/east/virtual/,"28–30 Apr 2027; 300 hours of virtual content including hands-on training sessions, immersive workshops, talks and online networking.",Keynote Speakers: Not yet announced,"Program: ODSC AI East content and training team with 2,500+ participating data scientists and speakers across the hybrid event.",Not yet announced,,
AAMAS 2027 — International Conference on Autonomous Agents and Multiagent Systems,2027-05-03,2027-05-07,Hanoi,Vietnam,Not yet announced,Not yet announced,Not yet announced,Flagship international research conference on autonomous agents and multi-agent systems.,Not yet announced,https://aiwhatson.com/,Not yet announced,Not yet announced,Not yet announced,Not yet announced,Not yet announced,Not yet announced,Not yet announced,Not yet announced,Not yet announced,,
"IEEE International Conference on Artificial Intelligence, Systems & Emerging Technology 2027",2027-05-03,2027-05-06,Cairo,Egypt,"El Shorouq Academy, Cairo",Not yet announced,IEEE ICAISET Organising Committee,"Hybrid IEEE conference covering artificial intelligence, digital information systems, data science, biomedical applications, cybersecurity and emerging technologies.",https://icca-conf.info/,https://icca-conf.info/icaiset27,Paper submission deadline 10 Jan 2027; acceptance/rejection notification 10 Mar; camera-ready deadline 30 Apr.,2027-01-10,https://icca-conf.info/icaiset27,Registration open; fee categories are handled through the official registration portal.,https://icca-conf.info/icaiset27,3–6 May 2027; oral and poster presentations plus plenary sessions with hybrid in-person and virtual participation.,Keynote Speakers: Not yet announced,Conference Lead: Prof. Dr. Samir A. Elsaoud. Papers undergo single-blind review by two to three reviewers.,Not yet announced,,
Machine Learning Prague 2027,2027-05-03,2027-05-05,Prague,Czech Republic,Not yet announced,Not yet announced,Not yet announced,"International conference on practical machine-learning and AI applications, delivered in person and online.",https://www.mlprague.com/,https://www.mlprague.com/,Not yet announced,Not yet announced,Not yet announced,Not yet announced,Not yet announced,"3–5 May 2027; three days with talks, hands-on workshops and interactive content.",Not yet announced,Not yet announced,Not yet announced,,
Automate 2027,2027-05-10,2027-05-13,Las Vegas,United States,Not yet announced,Not yet announced,Not yet announced,Large automation and robotics event with industrial AI and intelligent systems.,Not yet announced,https://conventions.io/topics/ai,Not yet announced,Not yet announced,Not yet announced,Not yet announced,Not yet announced,Not yet announced,Not yet announced,Not yet announced,Not yet announced,,
Data Summit 2027,2027-05-12,2027-05-13,Boston,United States,Not yet announced,Not yet announced,Not yet announced,Data-management and analytics conference with AI and machine-learning tracks.,Not yet announced,https://conventions.io/topics/ai,Not yet announced,Not yet announced,Not yet announced,Not yet announced,Not yet announced,Not yet announced,Not yet announced,Not yet announced,Not yet announced,,
IEEE ICRA 2027,2027-05-24,2027-05-28,Seoul,South Korea,Not yet announced,Not yet announced,Not yet announced,"IEEE International Conference on Robotics and Automation, a flagship robotics and embodied-AI research event.",Not yet announced,https://conventions.io/topics/ai,Not yet announced,Not yet announced,Not yet announced,Not yet announced,Not yet announced,Not yet announced,Not yet announced,Not yet announced,Not yet announced,,
GITEX AI SERBIA 2027,2027-05-26,2027-05-27,Belgrade,Serbia,Not yet announced,Not yet announced,Not yet announced,GITEX-branded artificial-intelligence technology event in Serbia.,Not yet announced,https://conventions.io/topics/ai,Not yet announced,Not yet announced,Not yet announced,Not yet announced,Not yet announced,Not yet announced,Not yet announced,Not yet announced,Not yet announced,,
AI Con USA 2027,2027-06-06,2027-06-11,Seattle,United States,Not yet announced,Not yet announced,Not yet announced,US AI conference for engineering and technology practitioners.,Not yet announced,https://conventions.io/topics/ai,Not yet announced,Not yet announced,Not yet announced,Not yet announced,Not yet announced,Not yet announced,Not yet announced,Not yet announced,Not yet announced,,
"International Conference on Cybersecurity, AI & Future Digital Infrastructure",2027-06-09,2027-06-11,Singapore,Singapore,Not yet announced,Not yet announced,Not yet announced,"Conference combining cybersecurity, artificial intelligence and future digital infrastructure.",Not yet announced,https://conventions.io/topics/ai,Not yet announced,Not yet announced,Not yet announced,Not yet announced,Not yet announced,Not yet announced,Not yet announced,Not yet announced,Not yet announced,,
The AI Summit London 2027,2027-06-09,2027-06-10,London,United Kingdom,"Tobacco Dock, Tobacco Quay, Wapping Lane",Not yet announced,Not yet announced,"Commercial AI summit focused on enterprise deployment, strategy and AI solutions.",https://london.theaisummit.com/,https://london.theaisummit.com/about/ai-summit-event-series/,Not yet announced,Not yet announced,Not yet announced,Not yet announced,Not yet announced,Not yet announced,Not yet announced,Not yet announced,Not yet announced,https://knect365.imgix.net/uploads/AIS-London-10Years-2lines-horizontal-indigo-icon-7996605e04d04bcb81c58cbbf21c3e93.png?auto=format&fit=max,
Accelerate Tomorrow AI Summit 2027,2027-06-15,2027-06-16,Berlin,Germany,Not yet announced,Not yet announced,Not yet announced,Applied AI summit focused on enterprise and technology transformation.,Not yet announced,https://conventions.io/topics/ai,Not yet announced,Not yet announced,Not yet announced,Not yet announced,Not yet announced,Not yet announced,Not yet announced,Not yet announced,Not yet announced,,
AI for Good Global Summit 2027,2027-06-21,2027-06-25,Geneva,Switzerland,"Palexpo, Route François-Peyrot 30, CH-1218 Le Grand-Saconnex, Geneva",Not yet announced,International Telecommunication Union (ITU) with 50+ UN sister agencies; co-convened with the Government of Switzerland,"United Nations-led global AI summit focused on applying artificial intelligence to health, climate, food, education, mobility, standards, policy, infrastructure, robotics, quantum technologies and other global challenges.",https://aiforgood.itu.int/,https://aiforgood.itu.int/summit27/,Applications are open for 2027 live demonstrations and Youth Zone workshops. Submission deadline 1 Mar 2027.,2027-03-01,https://aiforgood.itu.int/engage/,"Sponsorship packages start from CHF 4,900; attendee registration pricing not yet announced.",https://aiforgood.itu.int/summit27/,"21–25 Jun 2027; programme areas include AI for health, food and agriculture, planet, policy, skills and education, standards, mobility, robotics, infrastructure, creativity and culture, impact and innovation, and Quantum for Good.",Keynote Speakers: Not yet announced,Program: International Telecommunication Union (ITU) and AI for Good programme team; partner network includes 50+ UN sister agencies.,2027 sponsor roster not yet announced.,,
4th Summit de Inteligência Artificial Brasil 2027,2027-06-23,2027-06-26,Joinville,Brazil,"Ágora Tech Park, Estr. Dona Francisca, 8300, Distrito Industrial, Joinville, Santa Catarina, Brazil",Accommodation is arranged independently in Joinville; event venue is Ágora Tech Park.,Q-Assist / Summit de IA Brasil,"Fourth in-person edition of Brazil's dedicated AI Summit, bringing business leaders, researchers, specialists, startups, investors, universities and executives together around AI's impact on business, society, education, industry, innovation and sustainability.",https://www.summitdeinteligenciaartificial.com/,https://www.summitdeinteligenciaartificial.com/,"Industry/community summit rather than an academic proceedings conference. Partner, sponsor and exhibitor participation is accepted through the official event process.",Not yet announced,https://www.summitdeinteligenciaartificial.com/seja-nosso-parceiro-2027,Pre-sale Experience Pass: R$395.00 plus R$9.88 service fee; pass gives access to the full three-day programme on 24–26 Jun 2027.,https://www.summitdeinteligenciaartificial.com/informa-es-do-evento-e-registro/summit-de-inteligencia-artificial-brasil-2027-edicao-especial-115-anos-de-alan-turing,"Three-day programme of talks, panels, workshops, pitches, startup activities and business/innovation networking, with a special edition marking 115 years since Alan Turing's birth.",Not yet announced,Committee: Event is organized by Q-Assist with Ágora Tech Park and Join.Valle institutional support; programme is curated by the Summit de IA Brasil organising team.,Institutional/organizing support includes Q-Assist and Join.Valle; 2027 sponsor and exhibitor applications are open through the official partner form.,,
7th Conference on Advanced Artificial Intelligence and Education,2027-07-05,2027-07-07,London,United Kingdom,Holiday Inn London – Heathrow Bath Road,Conference venue hotel: Holiday Inn London – Heathrow Bath Road; booking details not yet announced.,CAAIE Organising Committee,"Hybrid international conference on artificial intelligence in education, learning technologies, personalised learning, ethics, governance and AI policy.",https://www.caaie.org/,https://www.caaie.org/,Full and short papers due 30 Apr 2027; author notification 15 May; registration deadline 1 Jun; camera-ready 15 Jun.,2027-04-30,https://www.caaie.org/,Not yet announced,https://www.caaie.org/,"5–7 Jul 2027; hybrid plenary/keynote sessions, paper sessions, posters and online participation.",Keynote Speakers: Not yet announced,"General Chairs: Dr Abrar Ullah (Heriot-Watt University); Prof. Sajid Anwar (Institute of Management Sciences, Peshawar). Honorary Chair: Prof. Álvaro Rocha (University of Lisbon).",Not yet announced,,
The AI Summit at Black Hat USA 2027,2027-08-03,2027-08-03,Las Vegas,United States,Mandalay Bay,Not yet announced,Not yet announced,AI Summit Series event co-located with Black Hat USA.,Not yet announced,https://london.theaisummit.com/about/ai-summit-event-series/,Not yet announced,Not yet announced,Not yet announced,Not yet announced,Not yet announced,Not yet announced,Not yet announced,Not yet announced,Not yet announced,,
The AI Summit Australia 2027,2027-08-23,2027-08-25,Melbourne,Australia,Melbourne Convention and Exhibition Centre,Not yet announced,Not yet announced,Australian edition of the global AI Summit Series.,Not yet announced,https://london.theaisummit.com/about/ai-summit-event-series/,Not yet announced,Not yet announced,Not yet announced,Not yet announced,Not yet announced,Not yet announced,Not yet announced,Not yet announced,Not yet announced,,
28th European Conference on Artificial Intelligence,2027-10-02,2027-10-07,Athens,Greece,"Main Conference: Megaron Athens International Conference Center; Pre-conference: School of Science, National and Kapodistrian University of Athens",Not yet announced,European Association for Artificial Intelligence (EurAI) with Hellenic Artificial Intelligence Society (EETN),"Europe's premier artificial-intelligence research conference, with technical papers, workshops, tutorials, Doctoral Consortium, PAIS applications track and STAIRS for early-stage researchers.",https://ecai2027.org/,https://ecai2027.org/,Full paper submission deadline 14 Apr 2027; Phase 1 notification 15 May; rebuttal 15–18 Jun; author notification 15 Jul.,2027-04-14,https://ecai2027.org/,Not yet announced,https://ecai2027.org/,"Pre-conference 2–3 Oct 2027 with workshops, tutorials and Doctoral Consortium; main conference 4–7 Oct 2027 including PAIS.",Keynote Speakers: Not yet announced,Conference: ECAI 2027 organising and programme committees under EurAI and EETN; individual committee roster not yet announced.,Supported by EurAI and EETN; additional 2027 sponsors not yet announced.,,
2nd Global Meeting on Artificial Intelligence & Machine Learning 2027,2027-10-11,2027-10-13,Frankfurt,Germany,"Frankfurt, Germany",Conference accommodation/travel information is provided through the event registration and attendee information process.,GlobalAI Meeting,"International AI and machine-learning meeting bringing researchers, academics, industry leaders, innovators and students together to discuss AI/ML research and applications.",https://www.globalai-meet.com/,https://www.globalai-meet.com/,Official site accepts abstract submissions and presentation-slot reservations for GlobalAI-2027.,Not yet announced,https://www.globalai-meet.com/,Pre-early-bird registration period ends 1 Nov 2026; category-specific rates are handled through the official registration system.,https://www.globalai-meet.com/,"Three-day scientific meeting with invited presentations, research talks, networking and AI/ML topic sessions.","Keynote Speakers: Featured presenters include Juergen Dietrich; Rainer Knauf; Khaled M. A. Alghtus, with additional presenters published by the conference.",Committee: Scientific program is organized by the GlobalAI-2027 conference team with international AI and machine-learning researchers and presenters.,Not yet announced,,
IEEE Conference on Artificial Intelligence 2027,2027-11-30,2027-12-02,Singapore,Singapore,Marina Bay Sands,Not yet announced,IEEE,IEEE international conference and exhibition emphasizing AI applications and industrial technology innovation.,https://cai.ieee.org/,https://cai.ieee.org/2027/,Not yet announced,Not yet announced,Not yet announced,Not yet announced,Not yet announced,Not yet announced,Not yet announced,Not yet announced,Not yet announced,,
The AI Summit New York 2027,2027-12-08,2027-12-09,New York,United States,Javits Convention Center,Not yet announced,Not yet announced,New York edition of the global AI Summit Series.,Not yet announced,https://london.theaisummit.com/about/ai-summit-event-series/,Not yet announced,Not yet announced,Not yet announced,Not yet announced,Not yet announced,Not yet announced,Not yet announced,Not yet announced,Not yet announced,,
